"Name","FullName"
"CRC_800209891_COEX14435.pdf","X:\glosas escaneadas\radicaciones\la previsora s.a\16147\sop\CRC_800209891_COEX14435.pdf"
"CRC_800209891_COEX15118.pdf","X:\glosas escaneadas\radicaciones\la previsora s.a\16147\sop\CRC_800209891_COEX15118.pdf"
"CRC_800209891_COEX25912.pdf","X:\glosas escaneadas\radicaciones\la previsora s.a\16147\sop\CRC_800209891_COEX25912.pdf"
"CRC_800209891_COEX26562.pdf","X:\glosas escaneadas\radicaciones\la previsora s.a\16147\sop\CRC_800209891_COEX26562.pdf"
"CRC_800209891_COEX33960.pdf","X:\glosas escaneadas\radicaciones\la previsora s.a\16147\sop\CRC_800209891_COEX33960.pdf"
"CRC_800209891_COEX33965.pdf","X:\glosas escaneadas\radicaciones\la previsora s.a\16147\sop\CRC_800209891_COEX33965.pdf"
"CRC_800209891_COEX34002.pdf","X:\glosas escaneadas\radicaciones\la previsora s.a\16147\sop\CRC_800209891_COEX34002.pdf"
"CRC_800209891_COEX34011.pdf","X:\glosas escaneadas\radicaciones\la previsora s.a\16147\sop\CRC_800209891_COEX34011.pdf"
"CRC_800209891_COEX34054.pdf","X:\glosas escaneadas\radicaciones\la previsora s.a\16147\sop\CRC_800209891_COEX34054.pdf"
"CRC_800209891_COEX34538.pdf","X:\glosas escaneadas\radicaciones\la previsora s.a\16147\sop\CRC_800209891_COEX34538.pdf"
"CRC_800209891_COEX36728.pdf","X:\glosas escaneadas\radicaciones\la previsora s.a\16147\sop\CRC_800209891_COEX36728.pdf"
"CRC_800209891_COEX37010.pdf","X:\glosas escaneadas\radicaciones\la previsora s.a\16147\sop\CRC_800209891_COEX37010.pdf"
"CRC_800209891_COEX37052.pdf","X:\glosas escaneadas\radicaciones\la previsora s.a\16147\sop\CRC_800209891_COEX37052.pdf"
"CRC_800209891_COEX37087.pdf","X:\glosas escaneadas\radicaciones\la previsora s.a\16147\sop\CRC_800209891_COEX37087.pdf"
"CRC_800209891_COEX37088.pdf","X:\glosas escaneadas\radicaciones\la previsora s.a\16147\sop\CRC_800209891_COEX37088.pdf"
"CRC_800209891_COEX37089.pdf","X:\glosas escaneadas\radicaciones\la previsora s.a\16147\sop\CRC_800209891_COEX37089.pdf"
"CRC_800209891_COEX37097.pdf","X:\glosas escaneadas\radicaciones\la previsora s.a\16147\sop\CRC_800209891_COEX37097.pdf"
"CRC_800209891_COEX37100.pdf","X:\glosas escaneadas\radicaciones\la previsora s.a\16147\sop\CRC_800209891_COEX37100.pdf"
"CRC_800209891_COEX37101.pdf","X:\glosas escaneadas\radicaciones\la previsora s.a\16147\sop\CRC_800209891_COEX37101.pdf"
"CRC_800209891_COEX37102.pdf","X:\glosas escaneadas\radicaciones\la previsora s.a\16147\sop\CRC_800209891_COEX37102.pdf"
"CRC_800209891_COEX37151.pdf","X:\glosas escaneadas\radicaciones\la previsora s.a\16147\sop\CRC_800209891_COEX37151.pdf"
"CRC_800209891_COEX37181.pdf","X:\glosas escaneadas\radicaciones\la previsora s.a\16147\sop\CRC_800209891_COEX37181.pdf"
"CRC_800209891_COEX37183.pdf","X:\glosas escaneadas\radicaciones\la previsora s.a\16147\sop\CRC_800209891_COEX37183.pdf"
"CRC_800209891_COEX37416.pdf","X:\glosas escaneadas\radicaciones\la previsora s.a\16147\sop\CRC_800209891_COEX37416.pdf"
"CRC_800209891_COEX37424.pdf","X:\glosas escaneadas\radicaciones\la previsora s.a\16147\sop\CRC_800209891_COEX37424.pdf"
"CRC_800209891_COEX37523.pdf","X:\glosas escaneadas\radicaciones\la previsora s.a\16147\sop\CRC_800209891_COEX37523.pdf"
"CRC_800209891_COEX37524.pdf","X:\glosas escaneadas\radicaciones\la previsora s.a\16147\sop\CRC_800209891_COEX37524.pdf"
"CRC_800209891_COEX37527.pdf","X:\glosas escaneadas\radicaciones\la previsora s.a\16147\sop\CRC_800209891_COEX37527.pdf"
"CRC_800209891_COEX37545.pdf","X:\glosas escaneadas\radicaciones\la previsora s.a\16147\sop\CRC_800209891_COEX37545.pdf"
"CRC_800209891_COEX37662.pdf","X:\glosas escaneadas\radicaciones\la previsora s.a\16147\sop\CRC_800209891_COEX37662.pdf"
"CRC_800209891_COEX37693.pdf","X:\glosas escaneadas\radicaciones\la previsora s.a\16147\sop\CRC_800209891_COEX37693.pdf"
"CRC_800209891_COEX37884.pdf","X:\glosas escaneadas\radicaciones\la previsora s.a\16147\sop\CRC_800209891_COEX37884.pdf"
"CRC_800209891_COEX38045.pdf","X:\glosas escaneadas\radicaciones\la previsora s.a\16147\sop\CRC_800209891_COEX38045.pdf"
"CRC_800209891_COEX38144.pdf","X:\glosas escaneadas\radicaciones\la previsora s.a\16147\sop\CRC_800209891_COEX38144.pdf"
"CRC_800209891_COEX38155.pdf","X:\glosas escaneadas\radicaciones\la previsora s.a\16147\sop\CRC_800209891_COEX38155.pdf"
"CRC_800209891_COEX38171.pdf","X:\glosas escaneadas\radicaciones\la previsora s.a\16147\sop\CRC_800209891_COEX38171.pdf"
"CRC_800209891_COEX38195.pdf","X:\glosas escaneadas\radicaciones\la previsora s.a\16147\sop\CRC_800209891_COEX38195.pdf"
"CRC_800209891_COEX38207.pdf","X:\glosas escaneadas\radicaciones\la previsora s.a\16147\sop\CRC_800209891_COEX38207.pdf"
"CRC_800209891_COEX38229.pdf","X:\glosas escaneadas\radicaciones\la previsora s.a\16147\sop\CRC_800209891_COEX38229.pdf"
"CRC_800209891_COEX38233.pdf","X:\glosas escaneadas\radicaciones\la previsora s.a\16147\sop\CRC_800209891_COEX38233.pdf"
"CRC_800209891_COEX38777.pdf","X:\glosas escaneadas\radicaciones\la previsora s.a\16147\sop\CRC_800209891_COEX38777.pdf"
"CRC_800209891_COEX39518.pdf","X:\glosas escaneadas\radicaciones\la previsora s.a\16147\sop\CRC_800209891_COEX39518.pdf"
"CRC_800209891_COEX39529.pdf","X:\glosas escaneadas\radicaciones\la previsora s.a\16147\sop\CRC_800209891_COEX39529.pdf"
"CRC_800209891_FECR253132.pdf","X:\glosas escaneadas\radicaciones\la previsora s.a\16147\sop\CRC_800209891_FECR253132.pdf"
"CRC_800209891_FECR275641.pdf","X:\glosas escaneadas\radicaciones\la previsora s.a\16147\sop\CRC_800209891_FECR275641.pdf"
"CRC_800209891_FECR311413.pdf","X:\glosas escaneadas\radicaciones\la previsora s.a\16147\sop\CRC_800209891_FECR311413.pdf"
"CRC_800209891_FECR319741.pdf","X:\glosas escaneadas\radicaciones\la previsora s.a\16147\sop\CRC_800209891_FECR319741.pdf"
"CRC_800209891_FECR320463.pdf","X:\glosas escaneadas\radicaciones\la previsora s.a\16147\sop\CRC_800209891_FECR320463.pdf"
"CRC_800209891_FECR321473.pdf","X:\glosas escaneadas\radicaciones\la previsora s.a\16147\sop\CRC_800209891_FECR321473.pdf"
"CRC_800209891_FECR321481.pdf","X:\glosas escaneadas\radicaciones\la previsora s.a\16147\sop\CRC_800209891_FECR321481.pdf"
"CRC_800209891_FECR333344.pdf","X:\glosas escaneadas\radicaciones\la previsora s.a\16147\sop\CRC_800209891_FECR333344.pdf"
"CRC_800209891_FECR348627.pdf","X:\glosas escaneadas\radicaciones\la previsora s.a\16147\sop\CRC_800209891_FECR348627.pdf"
"CRC_800209891_FECR349722.pdf","X:\glosas escaneadas\radicaciones\la previsora s.a\16147\sop\CRC_800209891_FECR349722.pdf"
"CRC_800209891_FECR350059.pdf","X:\glosas escaneadas\radicaciones\la previsora s.a\16147\sop\CRC_800209891_FECR350059.pdf"
"CRC_800209891_FECR351330.pdf","X:\glosas escaneadas\radicaciones\la previsora s.a\16147\sop\CRC_800209891_FECR351330.pdf"
"CRC_800209891_FECR352712.pdf","X:\glosas escaneadas\radicaciones\la previsora s.a\16147\sop\CRC_800209891_FECR352712.pdf"
"CRC_800209891_FECR353829.pdf","X:\glosas escaneadas\radicaciones\la previsora s.a\16147\sop\CRC_800209891_FECR353829.pdf"
"CRC_800209891_FECR353852.pdf","X:\glosas escaneadas\radicaciones\la previsora s.a\16147\sop\CRC_800209891_FECR353852.pdf"
"CRC_800209891_FECR353854.pdf","X:\glosas escaneadas\radicaciones\la previsora s.a\16147\sop\CRC_800209891_FECR353854.pdf"
"CRC_800209891_FECR353883.pdf","X:\glosas escaneadas\radicaciones\la previsora s.a\16147\sop\CRC_800209891_FECR353883.pdf"
"CRC_800209891_FECR353898.pdf","X:\glosas escaneadas\radicaciones\la previsora s.a\16147\sop\CRC_800209891_FECR353898.pdf"
"CRC_800209891_FECR353904.pdf","X:\glosas escaneadas\radicaciones\la previsora s.a\16147\sop\CRC_800209891_FECR353904.pdf"
"CRC_800209891_FECR353928.pdf","X:\glosas escaneadas\radicaciones\la previsora s.a\16147\sop\CRC_800209891_FECR353928.pdf"
"CRC_800209891_FECR353933.pdf","X:\glosas escaneadas\radicaciones\la previsora s.a\16147\sop\CRC_800209891_FECR353933.pdf"
"CRC_800209891_FECR353935.pdf","X:\glosas escaneadas\radicaciones\la previsora s.a\16147\sop\CRC_800209891_FECR353935.pdf"
"CRC_800209891_FECR353947.pdf","X:\glosas escaneadas\radicaciones\la previsora s.a\16147\sop\CRC_800209891_FECR353947.pdf"
"CRC_800209891_FECR353956.pdf","X:\glosas escaneadas\radicaciones\la previsora s.a\16147\sop\CRC_800209891_FECR353956.pdf"
"CRC_800209891_FECR354008.pdf","X:\glosas escaneadas\radicaciones\la previsora s.a\16147\sop\CRC_800209891_FECR354008.pdf"
"CRC_800209891_FECR354018.pdf","X:\glosas escaneadas\radicaciones\la previsora s.a\16147\sop\CRC_800209891_FECR354018.pdf"
"CRC_800209891_FECR354033.pdf","X:\glosas escaneadas\radicaciones\la previsora s.a\16147\sop\CRC_800209891_FECR354033.pdf"
"CRC_800209891_FECR354059.pdf","X:\glosas escaneadas\radicaciones\la previsora s.a\16147\sop\CRC_800209891_FECR354059.pdf"
"CRC_800209891_FECR354090.pdf","X:\glosas escaneadas\radicaciones\la previsora s.a\16147\sop\CRC_800209891_FECR354090.pdf"
"CRC_800209891_FECR354111.pdf","X:\glosas escaneadas\radicaciones\la previsora s.a\16147\sop\CRC_800209891_FECR354111.pdf"
"CRC_800209891_FECR354126.pdf","X:\glosas escaneadas\radicaciones\la previsora s.a\16147\sop\CRC_800209891_FECR354126.pdf"
"CRC_800209891_FECR354306.pdf","X:\glosas escaneadas\radicaciones\la previsora s.a\16147\sop\CRC_800209891_FECR354306.pdf"
"CRC_800209891_FECR354413.pdf","X:\glosas escaneadas\radicaciones\la previsora s.a\16147\sop\CRC_800209891_FECR354413.pdf"
"CRC_800209891_FECR354422.pdf","X:\glosas escaneadas\radicaciones\la previsora s.a\16147\sop\CRC_800209891_FECR354422.pdf"
"CRC_800209891_FECR354494.pdf","X:\glosas escaneadas\radicaciones\la previsora s.a\16147\sop\CRC_800209891_FECR354494.pdf"
"CRC_800209891_FECR354540.pdf","X:\glosas escaneadas\radicaciones\la previsora s.a\16147\sop\CRC_800209891_FECR354540.pdf"
"CRC_800209891_FECR354590.pdf","X:\glosas escaneadas\radicaciones\la previsora s.a\16147\sop\CRC_800209891_FECR354590.pdf"
"CRC_800209891_FECR354591.pdf","X:\glosas escaneadas\radicaciones\la previsora s.a\16147\sop\CRC_800209891_FECR354591.pdf"
"CRC_800209891_FECR354631.pdf","X:\glosas escaneadas\radicaciones\la previsora s.a\16147\sop\CRC_800209891_FECR354631.pdf"
"CRC_800209891_FECR354635.pdf","X:\glosas escaneadas\radicaciones\la previsora s.a\16147\sop\CRC_800209891_FECR354635.pdf"
"CRC_800209891_FECR354639.pdf","X:\glosas escaneadas\radicaciones\la previsora s.a\16147\sop\CRC_800209891_FECR354639.pdf"
"CRC_800209891_FECR354794.pdf","X:\glosas escaneadas\radicaciones\la previsora s.a\16147\sop\CRC_800209891_FECR354794.pdf"
"CRC_800209891_FECR355096.pdf","X:\glosas escaneadas\radicaciones\la previsora s.a\16147\sop\CRC_800209891_FECR355096.pdf"
"CRC_800209891_FECR355114.pdf","X:\glosas escaneadas\radicaciones\la previsora s.a\16147\sop\CRC_800209891_FECR355114.pdf"
"CRC_800209891_FECR355121.pdf","X:\glosas escaneadas\radicaciones\la previsora s.a\16147\sop\CRC_800209891_FECR355121.pdf"
"CRC_800209891_FECR355163.pdf","X:\glosas escaneadas\radicaciones\la previsora s.a\16147\sop\CRC_800209891_FECR355163.pdf"
"CRC_800209891_FECR355230.pdf","X:\glosas escaneadas\radicaciones\la previsora s.a\16147\sop\CRC_800209891_FECR355230.pdf"
"CRC_800209891_FECR355416.pdf","X:\glosas escaneadas\radicaciones\la previsora s.a\16147\sop\CRC_800209891_FECR355416.pdf"
"CRC_800209891_FECR355486.pdf","X:\glosas escaneadas\radicaciones\la previsora s.a\16147\sop\CRC_800209891_FECR355486.pdf"
"CRC_800209891_FECR355659.pdf","X:\glosas escaneadas\radicaciones\la previsora s.a\16147\sop\CRC_800209891_FECR355659.pdf"
"CRC_800209891_FECR355731.pdf","X:\glosas escaneadas\radicaciones\la previsora s.a\16147\sop\CRC_800209891_FECR355731.pdf"
"CRC_800209891_FECR355751.pdf","X:\glosas escaneadas\radicaciones\la previsora s.a\16147\sop\CRC_800209891_FECR355751.pdf"
"CRC_800209891_FECR356053.pdf","X:\glosas escaneadas\radicaciones\la previsora s.a\16147\sop\CRC_800209891_FECR356053.pdf"
"CRC_800209891_FECR356154.pdf","X:\glosas escaneadas\radicaciones\la previsora s.a\16147\sop\CRC_800209891_FECR356154.pdf"
"CRC_800209891_FECR356708.pdf","X:\glosas escaneadas\radicaciones\la previsora s.a\16147\sop\CRC_800209891_FECR356708.pdf"
"CRC_800209891_FECR356723.pdf","X:\glosas escaneadas\radicaciones\la previsora s.a\16147\sop\CRC_800209891_FECR356723.pdf"
"CRC_800209891_FECR356801.pdf","X:\glosas escaneadas\radicaciones\la previsora s.a\16147\sop\CRC_800209891_FECR356801.pdf"
"CRC_800209891_FECR356873.pdf","X:\glosas escaneadas\radicaciones\la previsora s.a\16147\sop\CRC_800209891_FECR356873.pdf"
"CRC_800209891_FECR356887.pdf","X:\glosas escaneadas\radicaciones\la previsora s.a\16147\sop\CRC_800209891_FECR356887.pdf"
"CRC_800209891_FECR357192.pdf","X:\glosas escaneadas\radicaciones\la previsora s.a\16147\sop\CRC_800209891_FECR357192.pdf"
"CRC_800209891_FECR357351.pdf","X:\glosas escaneadas\radicaciones\la previsora s.a\16147\sop\CRC_800209891_FECR357351.pdf"
"CRC_800209891_FECR357457.pdf","X:\glosas escaneadas\radicaciones\la previsora s.a\16147\sop\CRC_800209891_FECR357457.pdf"
"CRC_800209891_FECR357940.pdf","X:\glosas escaneadas\radicaciones\la previsora s.a\16147\sop\CRC_800209891_FECR357940.pdf"
"CRC_800209891_FECR357960.pdf","X:\glosas escaneadas\radicaciones\la previsora s.a\16147\sop\CRC_800209891_FECR357960.pdf"
"CRC_800209891_FECR357965.pdf","X:\glosas escaneadas\radicaciones\la previsora s.a\16147\sop\CRC_800209891_FECR357965.pdf"
"CRC_800209891_FECR358071.pdf","X:\glosas escaneadas\radicaciones\la previsora s.a\16147\sop\CRC_800209891_FECR358071.pdf"
"CRC_800209891_FECR358115.pdf","X:\glosas escaneadas\radicaciones\la previsora s.a\16147\sop\CRC_800209891_FECR358115.pdf"
"CRC_800209891_FECR358141.pdf","X:\glosas escaneadas\radicaciones\la previsora s.a\16147\sop\CRC_800209891_FECR358141.pdf"
"CRC_800209891_FECR358287.pdf","X:\glosas escaneadas\radicaciones\la previsora s.a\16147\sop\CRC_800209891_FECR358287.pdf"
"CRC_800209891_FECR358379.pdf","X:\glosas escaneadas\radicaciones\la previsora s.a\16147\sop\CRC_800209891_FECR358379.pdf"
"CRC_800209891_FECR358999.pdf","X:\glosas escaneadas\radicaciones\la previsora s.a\16147\sop\CRC_800209891_FECR358999.pdf"
"CRC_800209891_FECR359004.pdf","X:\glosas escaneadas\radicaciones\la previsora s.a\16147\sop\CRC_800209891_FECR359004.pdf"
"CRC_800209891_FECR359529.pdf","X:\glosas escaneadas\radicaciones\la previsora s.a\16147\sop\CRC_800209891_FECR359529.pdf"
"CRC_800209891_FECR359556.pdf","X:\glosas escaneadas\radicaciones\la previsora s.a\16147\sop\CRC_800209891_FECR359556.pdf"
"CRC_800209891_FECR359584.pdf","X:\glosas escaneadas\radicaciones\la previsora s.a\16147\sop\CRC_800209891_FECR359584.pdf"
"CRC_800209891_FECR359598.pdf","X:\glosas escaneadas\radicaciones\la previsora s.a\16147\sop\CRC_800209891_FECR359598.pdf"
"CRC_800209891_FECR359614.pdf","X:\glosas escaneadas\radicaciones\la previsora s.a\16147\sop\CRC_800209891_FECR359614.pdf"
"CRC_800209891_FECR359665.pdf","X:\glosas escaneadas\radicaciones\la previsora s.a\16147\sop\CRC_800209891_FECR359665.pdf"
"CRC_800209891_FECR359767.pdf","X:\glosas escaneadas\radicaciones\la previsora s.a\16147\sop\CRC_800209891_FECR359767.pdf"
"CRC_800209891_FECR359796.pdf","X:\glosas escaneadas\radicaciones\la previsora s.a\16147\sop\CRC_800209891_FECR359796.pdf"
"CRC_800209891_FECR359804.pdf","X:\glosas escaneadas\radicaciones\la previsora s.a\16147\sop\CRC_800209891_FECR359804.pdf"
"CRC_800209891_FECR359873.pdf","X:\glosas escaneadas\radicaciones\la previsora s.a\16147\sop\CRC_800209891_FECR359873.pdf"
"CRC_800209891_FECR360113.pdf","X:\glosas escaneadas\radicaciones\la previsora s.a\16147\sop\CRC_800209891_FECR360113.pdf"
"CRC_800209891_FECR360116.pdf","X:\glosas escaneadas\radicaciones\la previsora s.a\16147\sop\CRC_800209891_FECR360116.pdf"
"CRC_800209891_FECR360123.pdf","X:\glosas escaneadas\radicaciones\la previsora s.a\16147\sop\CRC_800209891_FECR360123.pdf"
"CRC_800209891_FECR360185.pdf","X:\glosas escaneadas\radicaciones\la previsora s.a\16147\sop\CRC_800209891_FECR360185.pdf"
"CRC_800209891_FECR360253.pdf","X:\glosas escaneadas\radicaciones\la previsora s.a\16147\sop\CRC_800209891_FECR360253.pdf"
"CRC_800209891_FECR360318.pdf","X:\glosas escaneadas\radicaciones\la previsora s.a\16147\sop\CRC_800209891_FECR360318.pdf"
"CRC_800209891_FECR360361.pdf","X:\glosas escaneadas\radicaciones\la previsora s.a\16147\sop\CRC_800209891_FECR360361.pdf"
"CRC_800209891_FECR360441.pdf","X:\glosas escaneadas\radicaciones\la previsora s.a\16147\sop\CRC_800209891_FECR360441.pdf"
"CRC_800209891_FECR360464.pdf","X:\glosas escaneadas\radicaciones\la previsora s.a\16147\sop\CRC_800209891_FECR360464.pdf"
"CRC_800209891_FECR360515.pdf","X:\glosas escaneadas\radicaciones\la previsora s.a\16147\sop\CRC_800209891_FECR360515.pdf"
"CRC_800209891_FECR360542.pdf","X:\glosas escaneadas\radicaciones\la previsora s.a\16147\sop\CRC_800209891_FECR360542.pdf"
"CRC_800209891_FECR360546.pdf","X:\glosas escaneadas\radicaciones\la previsora s.a\16147\sop\CRC_800209891_FECR360546.pdf"
"CRC_800209891_FECR360548.pdf","X:\glosas escaneadas\radicaciones\la previsora s.a\16147\sop\CRC_800209891_FECR360548.pdf"
"CRC_800209891_FECR360557.pdf","X:\glosas escaneadas\radicaciones\la previsora s.a\16147\sop\CRC_800209891_FECR360557.pdf"
"CRC_800209891_FECR360634.pdf","X:\glosas escaneadas\radicaciones\la previsora s.a\16147\sop\CRC_800209891_FECR360634.pdf"
"CRC_800209891_FECR360643.pdf","X:\glosas escaneadas\radicaciones\la previsora s.a\16147\sop\CRC_800209891_FECR360643.pdf"
"CRC_800209891_FECR360671.pdf","X:\glosas escaneadas\radicaciones\la previsora s.a\16147\sop\CRC_800209891_FECR360671.pdf"
"CRC_800209891_FECR360699.pdf","X:\glosas escaneadas\radicaciones\la previsora s.a\16147\sop\CRC_800209891_FECR360699.pdf"
"CRC_800209891_FECR360754.pdf","X:\glosas escaneadas\radicaciones\la previsora s.a\16147\sop\CRC_800209891_FECR360754.pdf"
"CRC_800209891_FECR360756.pdf","X:\glosas escaneadas\radicaciones\la previsora s.a\16147\sop\CRC_800209891_FECR360756.pdf"
"CRC_800209891_FECR360758.pdf","X:\glosas escaneadas\radicaciones\la previsora s.a\16147\sop\CRC_800209891_FECR360758.pdf"
"CRC_800209891_FECR360759.pdf","X:\glosas escaneadas\radicaciones\la previsora s.a\16147\sop\CRC_800209891_FECR360759.pdf"
"CRC_800209891_FECR360761.pdf","X:\glosas escaneadas\radicaciones\la previsora s.a\16147\sop\CRC_800209891_FECR360761.pdf"
"CRC_800209891_FECR360786.pdf","X:\glosas escaneadas\radicaciones\la previsora s.a\16147\sop\CRC_800209891_FECR360786.pdf"
"CRC_800209891_FECR360818.pdf","X:\glosas escaneadas\radicaciones\la previsora s.a\16147\sop\CRC_800209891_FECR360818.pdf"
"CRC_800209891_FECR360828.pdf","X:\glosas escaneadas\radicaciones\la previsora s.a\16147\sop\CRC_800209891_FECR360828.pdf"
"CRC_800209891_FECR360850.pdf","X:\glosas escaneadas\radicaciones\la previsora s.a\16147\sop\CRC_800209891_FECR360850.pdf"
"CRC_800209891_FECR360914.pdf","X:\glosas escaneadas\radicaciones\la previsora s.a\16147\sop\CRC_800209891_FECR360914.pdf"
"CRC_800209891_FECR360989.pdf","X:\glosas escaneadas\radicaciones\la previsora s.a\16147\sop\CRC_800209891_FECR360989.pdf"
"CRC_800209891_FECR361038.pdf","X:\glosas escaneadas\radicaciones\la previsora s.a\16147\sop\CRC_800209891_FECR361038.pdf"
"CRC_800209891_FECR361048.pdf","X:\glosas escaneadas\radicaciones\la previsora s.a\16147\sop\CRC_800209891_FECR361048.pdf"
"CRC_800209891_FECR361096.pdf","X:\glosas escaneadas\radicaciones\la previsora s.a\16147\sop\CRC_800209891_FECR361096.pdf"
"CRC_800209891_FECR361136.pdf","X:\glosas escaneadas\radicaciones\la previsora s.a\16147\sop\CRC_800209891_FECR361136.pdf"
"CRC_800209891_FECR361362.pdf","X:\glosas escaneadas\radicaciones\la previsora s.a\16147\sop\CRC_800209891_FECR361362.pdf"
"CRC_800209891_FECR361395.pdf","X:\glosas escaneadas\radicaciones\la previsora s.a\16147\sop\CRC_800209891_FECR361395.pdf"
"CRC_800209891_FECR361412.pdf","X:\glosas escaneadas\radicaciones\la previsora s.a\16147\sop\CRC_800209891_FECR361412.pdf"
"CRC_800209891_FECR361460.pdf","X:\glosas escaneadas\radicaciones\la previsora s.a\16147\sop\CRC_800209891_FECR361460.pdf"
"CRC_800209891_FECR361562.pdf","X:\glosas escaneadas\radicaciones\la previsora s.a\16147\sop\CRC_800209891_FECR361562.pdf"
"CRC_800209891_FECR361605.pdf","X:\glosas escaneadas\radicaciones\la previsora s.a\16147\sop\CRC_800209891_FECR361605.pdf"
"CRC_800209891_FECR361754.pdf","X:\glosas escaneadas\radicaciones\la previsora s.a\16147\sop\CRC_800209891_FECR361754.pdf"
"CRC_800209891_FECR361794.pdf","X:\glosas escaneadas\radicaciones\la previsora s.a\16147\sop\CRC_800209891_FECR361794.pdf"
"CRC_800209891_FECR361814.pdf","X:\glosas escaneadas\radicaciones\la previsora s.a\16147\sop\CRC_800209891_FECR361814.pdf"
"CRC_800209891_FECR361817.pdf","X:\glosas escaneadas\radicaciones\la previsora s.a\16147\sop\CRC_800209891_FECR361817.pdf"
"CRC_800209891_FECR361828.pdf","X:\glosas escaneadas\radicaciones\la previsora s.a\16147\sop\CRC_800209891_FECR361828.pdf"
"CRC_800209891_FECR361835.pdf","X:\glosas escaneadas\radicaciones\la previsora s.a\16147\sop\CRC_800209891_FECR361835.pdf"
"CRC_800209891_FECR361844.pdf","X:\glosas escaneadas\radicaciones\la previsora s.a\16147\sop\CRC_800209891_FECR361844.pdf"
"CRC_800209891_FECR361894.pdf","X:\glosas escaneadas\radicaciones\la previsora s.a\16147\sop\CRC_800209891_FECR361894.pdf"
"CRC_800209891_FECR361918.pdf","X:\glosas escaneadas\radicaciones\la previsora s.a\16147\sop\CRC_800209891_FECR361918.pdf"
"CRC_800209891_FECR361978.pdf","X:\glosas escaneadas\radicaciones\la previsora s.a\16147\sop\CRC_800209891_FECR361978.pdf"
"CRC_800209891_FECR361984.pdf","X:\glosas escaneadas\radicaciones\la previsora s.a\16147\sop\CRC_800209891_FECR361984.pdf"
"CRC_800209891_FECR361988.pdf","X:\glosas escaneadas\radicaciones\la previsora s.a\16147\sop\CRC_800209891_FECR361988.pdf"
"CRC_800209891_FECR361998.pdf","X:\glosas escaneadas\radicaciones\la previsora s.a\16147\sop\CRC_800209891_FECR361998.pdf"
"CRC_800209891_FECR362039.pdf","X:\glosas escaneadas\radicaciones\la previsora s.a\16147\sop\CRC_800209891_FECR362039.pdf"
"CRC_800209891_FECR362056.pdf","X:\glosas escaneadas\radicaciones\la previsora s.a\16147\sop\CRC_800209891_FECR362056.pdf"
"CRC_800209891_FECR362100.pdf","X:\glosas escaneadas\radicaciones\la previsora s.a\16147\sop\CRC_800209891_FECR362100.pdf"
"CRC_800209891_FECR362107.pdf","X:\glosas escaneadas\radicaciones\la previsora s.a\16147\sop\CRC_800209891_FECR362107.pdf"
"CRC_800209891_FECR362129.pdf","X:\glosas escaneadas\radicaciones\la previsora s.a\16147\sop\CRC_800209891_FECR362129.pdf"
"CRC_800209891_FECR362263.pdf","X:\glosas escaneadas\radicaciones\la previsora s.a\16147\sop\CRC_800209891_FECR362263.pdf"
"CRC_800209891_FECR362363.pdf","X:\glosas escaneadas\radicaciones\la previsora s.a\16147\sop\CRC_800209891_FECR362363.pdf"
"CRC_800209891_FECR362368.pdf","X:\glosas escaneadas\radicaciones\la previsora s.a\16147\sop\CRC_800209891_FECR362368.pdf"
"CRC_800209891_FECR362377.pdf","X:\glosas escaneadas\radicaciones\la previsora s.a\16147\sop\CRC_800209891_FECR362377.pdf"
"CRC_800209891_FECR362387.pdf","X:\glosas escaneadas\radicaciones\la previsora s.a\16147\sop\CRC_800209891_FECR362387.pdf"
"CRC_800209891_FECR362394.pdf","X:\glosas escaneadas\radicaciones\la previsora s.a\16147\sop\CRC_800209891_FECR362394.pdf"
"CRC_800209891_FECR362405.pdf","X:\glosas escaneadas\radicaciones\la previsora s.a\16147\sop\CRC_800209891_FECR362405.pdf"
"CRC_800209891_FECR362429.pdf","X:\glosas escaneadas\radicaciones\la previsora s.a\16147\sop\CRC_800209891_FECR362429.pdf"
"CRC_800209891_FECR362476.pdf","X:\glosas escaneadas\radicaciones\la previsora s.a\16147\sop\CRC_800209891_FECR362476.pdf"
"CRC_800209891_FECR362561.pdf","X:\glosas escaneadas\radicaciones\la previsora s.a\16147\sop\CRC_800209891_FECR362561.pdf"
"CRC_800209891_FECR362570.pdf","X:\glosas escaneadas\radicaciones\la previsora s.a\16147\sop\CRC_800209891_FECR362570.pdf"
"CRC_800209891_FECR362656.pdf","X:\glosas escaneadas\radicaciones\la previsora s.a\16147\sop\CRC_800209891_FECR362656.pdf"
"CRC_800209891_FECR362711.pdf","X:\glosas escaneadas\radicaciones\la previsora s.a\16147\sop\CRC_800209891_FECR362711.pdf"
"CRC_800209891_FECR362880.pdf","X:\glosas escaneadas\radicaciones\la previsora s.a\16147\sop\CRC_800209891_FECR362880.pdf"
"CRC_800209891_FECR362891.pdf","X:\glosas escaneadas\radicaciones\la previsora s.a\16147\sop\CRC_800209891_FECR362891.pdf"
"CRC_800209891_FECR363040.pdf","X:\glosas escaneadas\radicaciones\la previsora s.a\16147\sop\CRC_800209891_FECR363040.pdf"
"CRC_800209891_FECR363252.pdf","X:\glosas escaneadas\radicaciones\la previsora s.a\16147\sop\CRC_800209891_FECR363252.pdf"
"CRC_800209891_FECR363417.pdf","X:\glosas escaneadas\radicaciones\la previsora s.a\16147\sop\CRC_800209891_FECR363417.pdf"
"CRC_800209891_FECR363428.pdf","X:\glosas escaneadas\radicaciones\la previsora s.a\16147\sop\CRC_800209891_FECR363428.pdf"
"CRC_800209891_FECR363518.pdf","X:\glosas escaneadas\radicaciones\la previsora s.a\16147\sop\CRC_800209891_FECR363518.pdf"
"CRC_800209891_FECR363584.pdf","X:\glosas escaneadas\radicaciones\la previsora s.a\16147\sop\CRC_800209891_FECR363584.pdf"
"CRC_800209891_FECR363808.pdf","X:\glosas escaneadas\radicaciones\la previsora s.a\16147\sop\CRC_800209891_FECR363808.pdf"
"CRC_800209891_FECR363832.pdf","X:\glosas escaneadas\radicaciones\la previsora s.a\16147\sop\CRC_800209891_FECR363832.pdf"
"CRC_800209891_FECR364157.pdf","X:\glosas escaneadas\radicaciones\la previsora s.a\16147\sop\CRC_800209891_FECR364157.pdf"
"CRC_800209891_FECR364240.pdf","X:\glosas escaneadas\radicaciones\la previsora s.a\16147\sop\CRC_800209891_FECR364240.pdf"
"CRC_800209891_FECR364416.pdf","X:\glosas escaneadas\radicaciones\la previsora s.a\16147\sop\CRC_800209891_FECR364416.pdf"
"CRC_800209891_FECR364421.pdf","X:\glosas escaneadas\radicaciones\la previsora s.a\16147\sop\CRC_800209891_FECR364421.pdf"
"CRC_800209891_FECR364455.pdf","X:\glosas escaneadas\radicaciones\la previsora s.a\16147\sop\CRC_800209891_FECR364455.pdf"
"CRC_800209891_FECR364465.pdf","X:\glosas escaneadas\radicaciones\la previsora s.a\16147\sop\CRC_800209891_FECR364465.pdf"
"CRC_800209891_FECR364481.pdf","X:\glosas escaneadas\radicaciones\la previsora s.a\16147\sop\CRC_800209891_FECR364481.pdf"
"CRC_800209891_FECR364507.pdf","X:\glosas escaneadas\radicaciones\la previsora s.a\16147\sop\CRC_800209891_FECR364507.pdf"
"CRC_800209891_FECR364524.pdf","X:\glosas escaneadas\radicaciones\la previsora s.a\16147\sop\CRC_800209891_FECR364524.pdf"
"CRC_800209891_FECR364658.pdf","X:\glosas escaneadas\radicaciones\la previsora s.a\16147\sop\CRC_800209891_FECR364658.pdf"
"CRC_800209891_FECR364675.pdf","X:\glosas escaneadas\radicaciones\la previsora s.a\16147\sop\CRC_800209891_FECR364675.pdf"
"CRC_800209891_FECR364720.pdf","X:\glosas escaneadas\radicaciones\la previsora s.a\16147\sop\CRC_800209891_FECR364720.pdf"
"CRC_800209891_FECR364723.pdf","X:\glosas escaneadas\radicaciones\la previsora s.a\16147\sop\CRC_800209891_FECR364723.pdf"
"CRC_800209891_FECR364736.pdf","X:\glosas escaneadas\radicaciones\la previsora s.a\16147\sop\CRC_800209891_FECR364736.pdf"
"CRC_800209891_FECR364739.pdf","X:\glosas escaneadas\radicaciones\la previsora s.a\16147\sop\CRC_800209891_FECR364739.pdf"
"CRC_800209891_FECR364847.pdf","X:\glosas escaneadas\radicaciones\la previsora s.a\16147\sop\CRC_800209891_FECR364847.pdf"
"CRC_800209891_FECR364867.pdf","X:\glosas escaneadas\radicaciones\la previsora s.a\16147\sop\CRC_800209891_FECR364867.pdf"
"CRC_800209891_FECR364868.pdf","X:\glosas escaneadas\radicaciones\la previsora s.a\16147\sop\CRC_800209891_FECR364868.pdf"
"CRC_800209891_FECR364870.pdf","X:\glosas escaneadas\radicaciones\la previsora s.a\16147\sop\CRC_800209891_FECR364870.pdf"
"CRC_800209891_FECR364882.pdf","X:\glosas escaneadas\radicaciones\la previsora s.a\16147\sop\CRC_800209891_FECR364882.pdf"
"CRC_800209891_FECR364892.pdf","X:\glosas escaneadas\radicaciones\la previsora s.a\16147\sop\CRC_800209891_FECR364892.pdf"
"CRC_800209891_FECR364940.pdf","X:\glosas escaneadas\radicaciones\la previsora s.a\16147\sop\CRC_800209891_FECR364940.pdf"
"CRC_800209891_FECR364950.pdf","X:\glosas escaneadas\radicaciones\la previsora s.a\16147\sop\CRC_800209891_FECR364950.pdf"
"CRC_800209891_FECR364954.pdf","X:\glosas escaneadas\radicaciones\la previsora s.a\16147\sop\CRC_800209891_FECR364954.pdf"
"CRC_800209891_FECR364955.pdf","X:\glosas escaneadas\radicaciones\la previsora s.a\16147\sop\CRC_800209891_FECR364955.pdf"
"CRC_800209891_FECR365017.pdf","X:\glosas escaneadas\radicaciones\la previsora s.a\16147\sop\CRC_800209891_FECR365017.pdf"
"CRC_800209891_FECR365025.pdf","X:\glosas escaneadas\radicaciones\la previsora s.a\16147\sop\CRC_800209891_FECR365025.pdf"
"CRC_800209891_FECR365056.pdf","X:\glosas escaneadas\radicaciones\la previsora s.a\16147\sop\CRC_800209891_FECR365056.pdf"
"CRC_800209891_FECR365103.pdf","X:\glosas escaneadas\radicaciones\la previsora s.a\16147\sop\CRC_800209891_FECR365103.pdf"
"CRC_800209891_FECR365113.pdf","X:\glosas escaneadas\radicaciones\la previsora s.a\16147\sop\CRC_800209891_FECR365113.pdf"
"CRC_800209891_FECR365125.pdf","X:\glosas escaneadas\radicaciones\la previsora s.a\16147\sop\CRC_800209891_FECR365125.pdf"
"CRC_800209891_FERR2737.pdf","X:\glosas escaneadas\radicaciones\la previsora s.a\16147\sop\CRC_800209891_FERR2737.pdf"
"EPI_800209891_COEX14435.pdf","X:\glosas escaneadas\radicaciones\la previsora s.a\16147\sop\EPI_800209891_COEX14435.pdf"
"EPI_800209891_COEX15118.pdf","X:\glosas escaneadas\radicaciones\la previsora s.a\16147\sop\EPI_800209891_COEX15118.pdf"
"EPI_800209891_COEX25912.pdf","X:\glosas escaneadas\radicaciones\la previsora s.a\16147\sop\EPI_800209891_COEX25912.pdf"
"EPI_800209891_COEX26562.pdf","X:\glosas escaneadas\radicaciones\la previsora s.a\16147\sop\EPI_800209891_COEX26562.pdf"
"EPI_800209891_COEX33960.pdf","X:\glosas escaneadas\radicaciones\la previsora s.a\16147\sop\EPI_800209891_COEX33960.pdf"
"EPI_800209891_COEX33965.pdf","X:\glosas escaneadas\radicaciones\la previsora s.a\16147\sop\EPI_800209891_COEX33965.pdf"
"EPI_800209891_COEX34002.pdf","X:\glosas escaneadas\radicaciones\la previsora s.a\16147\sop\EPI_800209891_COEX34002.pdf"
"EPI_800209891_COEX34011.pdf","X:\glosas escaneadas\radicaciones\la previsora s.a\16147\sop\EPI_800209891_COEX34011.pdf"
"EPI_800209891_COEX34054.pdf","X:\glosas escaneadas\radicaciones\la previsora s.a\16147\sop\EPI_800209891_COEX34054.pdf"
"EPI_800209891_COEX34538.pdf","X:\glosas escaneadas\radicaciones\la previsora s.a\16147\sop\EPI_800209891_COEX34538.pdf"
"EPI_800209891_COEX36728.pdf","X:\glosas escaneadas\radicaciones\la previsora s.a\16147\sop\EPI_800209891_COEX36728.pdf"
"EPI_800209891_COEX37010.pdf","X:\glosas escaneadas\radicaciones\la previsora s.a\16147\sop\EPI_800209891_COEX37010.pdf"
"EPI_800209891_COEX37052.pdf","X:\glosas escaneadas\radicaciones\la previsora s.a\16147\sop\EPI_800209891_COEX37052.pdf"
"EPI_800209891_COEX37087.pdf","X:\glosas escaneadas\radicaciones\la previsora s.a\16147\sop\EPI_800209891_COEX37087.pdf"
"EPI_800209891_COEX37088.pdf","X:\glosas escaneadas\radicaciones\la previsora s.a\16147\sop\EPI_800209891_COEX37088.pdf"
"EPI_800209891_COEX37089.pdf","X:\glosas escaneadas\radicaciones\la previsora s.a\16147\sop\EPI_800209891_COEX37089.pdf"
"EPI_800209891_COEX37097.pdf","X:\glosas escaneadas\radicaciones\la previsora s.a\16147\sop\EPI_800209891_COEX37097.pdf"
"EPI_800209891_COEX37100.pdf","X:\glosas escaneadas\radicaciones\la previsora s.a\16147\sop\EPI_800209891_COEX37100.pdf"
"EPI_800209891_COEX37101.pdf","X:\glosas escaneadas\radicaciones\la previsora s.a\16147\sop\EPI_800209891_COEX37101.pdf"
"EPI_800209891_COEX37102.pdf","X:\glosas escaneadas\radicaciones\la previsora s.a\16147\sop\EPI_800209891_COEX37102.pdf"
"EPI_800209891_COEX37151.pdf","X:\glosas escaneadas\radicaciones\la previsora s.a\16147\sop\EPI_800209891_COEX37151.pdf"
"EPI_800209891_COEX37181.pdf","X:\glosas escaneadas\radicaciones\la previsora s.a\16147\sop\EPI_800209891_COEX37181.pdf"
"EPI_800209891_COEX37183.pdf","X:\glosas escaneadas\radicaciones\la previsora s.a\16147\sop\EPI_800209891_COEX37183.pdf"
"EPI_800209891_COEX37416.pdf","X:\glosas escaneadas\radicaciones\la previsora s.a\16147\sop\EPI_800209891_COEX37416.pdf"
"EPI_800209891_COEX37424.pdf","X:\glosas escaneadas\radicaciones\la previsora s.a\16147\sop\EPI_800209891_COEX37424.pdf"
"EPI_800209891_COEX37523.pdf","X:\glosas escaneadas\radicaciones\la previsora s.a\16147\sop\EPI_800209891_COEX37523.pdf"
"EPI_800209891_COEX37524.pdf","X:\glosas escaneadas\radicaciones\la previsora s.a\16147\sop\EPI_800209891_COEX37524.pdf"
"EPI_800209891_COEX37527.pdf","X:\glosas escaneadas\radicaciones\la previsora s.a\16147\sop\EPI_800209891_COEX37527.pdf"
"EPI_800209891_COEX37545.pdf","X:\glosas escaneadas\radicaciones\la previsora s.a\16147\sop\EPI_800209891_COEX37545.pdf"
"EPI_800209891_COEX37662.pdf","X:\glosas escaneadas\radicaciones\la previsora s.a\16147\sop\EPI_800209891_COEX37662.pdf"
"EPI_800209891_COEX37693.pdf","X:\glosas escaneadas\radicaciones\la previsora s.a\16147\sop\EPI_800209891_COEX37693.pdf"
"EPI_800209891_COEX37884.pdf","X:\glosas escaneadas\radicaciones\la previsora s.a\16147\sop\EPI_800209891_COEX37884.pdf"
"EPI_800209891_COEX38045.pdf","X:\glosas escaneadas\radicaciones\la previsora s.a\16147\sop\EPI_800209891_COEX38045.pdf"
"EPI_800209891_COEX38144.pdf","X:\glosas escaneadas\radicaciones\la previsora s.a\16147\sop\EPI_800209891_COEX38144.pdf"
"EPI_800209891_COEX38155.pdf","X:\glosas escaneadas\radicaciones\la previsora s.a\16147\sop\EPI_800209891_COEX38155.pdf"
"EPI_800209891_COEX38171.pdf","X:\glosas escaneadas\radicaciones\la previsora s.a\16147\sop\EPI_800209891_COEX38171.pdf"
"EPI_800209891_COEX38195.pdf","X:\glosas escaneadas\radicaciones\la previsora s.a\16147\sop\EPI_800209891_COEX38195.pdf"
"EPI_800209891_COEX38207.pdf","X:\glosas escaneadas\radicaciones\la previsora s.a\16147\sop\EPI_800209891_COEX38207.pdf"
"EPI_800209891_COEX38229.pdf","X:\glosas escaneadas\radicaciones\la previsora s.a\16147\sop\EPI_800209891_COEX38229.pdf"
"EPI_800209891_COEX38233.pdf","X:\glosas escaneadas\radicaciones\la previsora s.a\16147\sop\EPI_800209891_COEX38233.pdf"
"EPI_800209891_COEX38777.pdf","X:\glosas escaneadas\radicaciones\la previsora s.a\16147\sop\EPI_800209891_COEX38777.pdf"
"EPI_800209891_COEX39518.pdf","X:\glosas escaneadas\radicaciones\la previsora s.a\16147\sop\EPI_800209891_COEX39518.pdf"
"EPI_800209891_COEX39529.pdf","X:\glosas escaneadas\radicaciones\la previsora s.a\16147\sop\EPI_800209891_COEX39529.pdf"
"EPI_800209891_FECR253132.pdf","X:\glosas escaneadas\radicaciones\la previsora s.a\16147\sop\EPI_800209891_FECR253132.pdf"
"EPI_800209891_FECR275641.pdf","X:\glosas escaneadas\radicaciones\la previsora s.a\16147\sop\EPI_800209891_FECR275641.pdf"
"EPI_800209891_FECR311413.pdf","X:\glosas escaneadas\radicaciones\la previsora s.a\16147\sop\EPI_800209891_FECR311413.pdf"
"EPI_800209891_FECR319741.pdf","X:\glosas escaneadas\radicaciones\la previsora s.a\16147\sop\EPI_800209891_FECR319741.pdf"
"EPI_800209891_FECR320643.pdf","X:\glosas escaneadas\radicaciones\la previsora s.a\16147\sop\EPI_800209891_FECR320643.pdf"
"EPI_800209891_FECR321473.pdf","X:\glosas escaneadas\radicaciones\la previsora s.a\16147\sop\EPI_800209891_FECR321473.pdf"
"EPI_800209891_FECR321481.pdf","X:\glosas escaneadas\radicaciones\la previsora s.a\16147\sop\EPI_800209891_FECR321481.pdf"
"EPI_800209891_FECR333334.pdf","X:\glosas escaneadas\radicaciones\la previsora s.a\16147\sop\EPI_800209891_FECR333334.pdf"
"EPI_800209891_FECR348627.pdf","X:\glosas escaneadas\radicaciones\la previsora s.a\16147\sop\EPI_800209891_FECR348627.pdf"
"EPI_800209891_FECR349722.pdf","X:\glosas escaneadas\radicaciones\la previsora s.a\16147\sop\EPI_800209891_FECR349722.pdf"
"EPI_800209891_FECR350059.pdf","X:\glosas escaneadas\radicaciones\la previsora s.a\16147\sop\EPI_800209891_FECR350059.pdf"
"EPI_800209891_FECR351330.pdf","X:\glosas escaneadas\radicaciones\la previsora s.a\16147\sop\EPI_800209891_FECR351330.pdf"
"EPI_800209891_FECR352712.pdf","X:\glosas escaneadas\radicaciones\la previsora s.a\16147\sop\EPI_800209891_FECR352712.pdf"
"EPI_800209891_FECR353829.pdf","X:\glosas escaneadas\radicaciones\la previsora s.a\16147\sop\EPI_800209891_FECR353829.pdf"
"EPI_800209891_FECR353852.pdf","X:\glosas escaneadas\radicaciones\la previsora s.a\16147\sop\EPI_800209891_FECR353852.pdf"
"EPI_800209891_FECR353854.pdf","X:\glosas escaneadas\radicaciones\la previsora s.a\16147\sop\EPI_800209891_FECR353854.pdf"
"EPI_800209891_FECR353883.pdf","X:\glosas escaneadas\radicaciones\la previsora s.a\16147\sop\EPI_800209891_FECR353883.pdf"
"EPI_800209891_FECR353898.pdf","X:\glosas escaneadas\radicaciones\la previsora s.a\16147\sop\EPI_800209891_FECR353898.pdf"
"EPI_800209891_FECR353904.pdf","X:\glosas escaneadas\radicaciones\la previsora s.a\16147\sop\EPI_800209891_FECR353904.pdf"
"EPI_800209891_FECR353928.pdf","X:\glosas escaneadas\radicaciones\la previsora s.a\16147\sop\EPI_800209891_FECR353928.pdf"
"EPI_800209891_FECR353933.pdf","X:\glosas escaneadas\radicaciones\la previsora s.a\16147\sop\EPI_800209891_FECR353933.pdf"
"EPI_800209891_FECR353935.pdf","X:\glosas escaneadas\radicaciones\la previsora s.a\16147\sop\EPI_800209891_FECR353935.pdf"
"EPI_800209891_FECR353947.pdf","X:\glosas escaneadas\radicaciones\la previsora s.a\16147\sop\EPI_800209891_FECR353947.pdf"
"EPI_800209891_FECR353956.pdf","X:\glosas escaneadas\radicaciones\la previsora s.a\16147\sop\EPI_800209891_FECR353956.pdf"
"EPI_800209891_FECR354008.pdf","X:\glosas escaneadas\radicaciones\la previsora s.a\16147\sop\EPI_800209891_FECR354008.pdf"
"EPI_800209891_FECR354018.pdf","X:\glosas escaneadas\radicaciones\la previsora s.a\16147\sop\EPI_800209891_FECR354018.pdf"
"EPI_800209891_FECR354033.pdf","X:\glosas escaneadas\radicaciones\la previsora s.a\16147\sop\EPI_800209891_FECR354033.pdf"
"EPI_800209891_FECR354059.pdf","X:\glosas escaneadas\radicaciones\la previsora s.a\16147\sop\EPI_800209891_FECR354059.pdf"
"EPI_800209891_FECR354090.pdf","X:\glosas escaneadas\radicaciones\la previsora s.a\16147\sop\EPI_800209891_FECR354090.pdf"
"EPI_800209891_FECR354111.pdf","X:\glosas escaneadas\radicaciones\la previsora s.a\16147\sop\EPI_800209891_FECR354111.pdf"
"EPI_800209891_FECR354126.pdf","X:\glosas escaneadas\radicaciones\la previsora s.a\16147\sop\EPI_800209891_FECR354126.pdf"
"EPI_800209891_FECR354306.pdf","X:\glosas escaneadas\radicaciones\la previsora s.a\16147\sop\EPI_800209891_FECR354306.pdf"
"EPI_800209891_FECR354413.pdf","X:\glosas escaneadas\radicaciones\la previsora s.a\16147\sop\EPI_800209891_FECR354413.pdf"
"EPI_800209891_FECR354422.pdf","X:\glosas escaneadas\radicaciones\la previsora s.a\16147\sop\EPI_800209891_FECR354422.pdf"
"EPI_800209891_FECR354494.pdf","X:\glosas escaneadas\radicaciones\la previsora s.a\16147\sop\EPI_800209891_FECR354494.pdf"
"EPI_800209891_FECR354540.pdf","X:\glosas escaneadas\radicaciones\la previsora s.a\16147\sop\EPI_800209891_FECR354540.pdf"
"EPI_800209891_FECR354590.pdf","X:\glosas escaneadas\radicaciones\la previsora s.a\16147\sop\EPI_800209891_FECR354590.pdf"
"EPI_800209891_FECR354591.pdf","X:\glosas escaneadas\radicaciones\la previsora s.a\16147\sop\EPI_800209891_FECR354591.pdf"
"EPI_800209891_FECR354631.pdf","X:\glosas escaneadas\radicaciones\la previsora s.a\16147\sop\EPI_800209891_FECR354631.pdf"
"EPI_800209891_FECR354635.pdf","X:\glosas escaneadas\radicaciones\la previsora s.a\16147\sop\EPI_800209891_FECR354635.pdf"
"EPI_800209891_FECR354639.pdf","X:\glosas escaneadas\radicaciones\la previsora s.a\16147\sop\EPI_800209891_FECR354639.pdf"
"EPI_800209891_FECR354794.pdf","X:\glosas escaneadas\radicaciones\la previsora s.a\16147\sop\EPI_800209891_FECR354794.pdf"
"EPI_800209891_FECR355096.pdf","X:\glosas escaneadas\radicaciones\la previsora s.a\16147\sop\EPI_800209891_FECR355096.pdf"
"EPI_800209891_FECR355114.pdf","X:\glosas escaneadas\radicaciones\la previsora s.a\16147\sop\EPI_800209891_FECR355114.pdf"
"EPI_800209891_FECR355121.pdf","X:\glosas escaneadas\radicaciones\la previsora s.a\16147\sop\EPI_800209891_FECR355121.pdf"
"EPI_800209891_FECR355163.pdf","X:\glosas escaneadas\radicaciones\la previsora s.a\16147\sop\EPI_800209891_FECR355163.pdf"
"EPI_800209891_FECR355230.pdf","X:\glosas escaneadas\radicaciones\la previsora s.a\16147\sop\EPI_800209891_FECR355230.pdf"
"EPI_800209891_FECR355416.pdf","X:\glosas escaneadas\radicaciones\la previsora s.a\16147\sop\EPI_800209891_FECR355416.pdf"
"EPI_800209891_FECR355486.pdf","X:\glosas escaneadas\radicaciones\la previsora s.a\16147\sop\EPI_800209891_FECR355486.pdf"
"EPI_800209891_FECR355659.pdf","X:\glosas escaneadas\radicaciones\la previsora s.a\16147\sop\EPI_800209891_FECR355659.pdf"
"EPI_800209891_FECR355731.pdf","X:\glosas escaneadas\radicaciones\la previsora s.a\16147\sop\EPI_800209891_FECR355731.pdf"
"EPI_800209891_FECR355751.pdf","X:\glosas escaneadas\radicaciones\la previsora s.a\16147\sop\EPI_800209891_FECR355751.pdf"
"EPI_800209891_FECR356053.pdf","X:\glosas escaneadas\radicaciones\la previsora s.a\16147\sop\EPI_800209891_FECR356053.pdf"
"EPI_800209891_FECR356154.pdf","X:\glosas escaneadas\radicaciones\la previsora s.a\16147\sop\EPI_800209891_FECR356154.pdf"
"EPI_800209891_FECR356708.pdf","X:\glosas escaneadas\radicaciones\la previsora s.a\16147\sop\EPI_800209891_FECR356708.pdf"
"EPI_800209891_FECR356723.pdf","X:\glosas escaneadas\radicaciones\la previsora s.a\16147\sop\EPI_800209891_FECR356723.pdf"
"EPI_800209891_FECR356801.pdf","X:\glosas escaneadas\radicaciones\la previsora s.a\16147\sop\EPI_800209891_FECR356801.pdf"
"EPI_800209891_FECR356873.pdf","X:\glosas escaneadas\radicaciones\la previsora s.a\16147\sop\EPI_800209891_FECR356873.pdf"
"EPI_800209891_FECR356887.pdf","X:\glosas escaneadas\radicaciones\la previsora s.a\16147\sop\EPI_800209891_FECR356887.pdf"
"EPI_800209891_FECR357192.pdf","X:\glosas escaneadas\radicaciones\la previsora s.a\16147\sop\EPI_800209891_FECR357192.pdf"
"EPI_800209891_FECR357351.pdf","X:\glosas escaneadas\radicaciones\la previsora s.a\16147\sop\EPI_800209891_FECR357351.pdf"
"EPI_800209891_FECR357457.pdf","X:\glosas escaneadas\radicaciones\la previsora s.a\16147\sop\EPI_800209891_FECR357457.pdf"
"EPI_800209891_FECR357940.pdf","X:\glosas escaneadas\radicaciones\la previsora s.a\16147\sop\EPI_800209891_FECR357940.pdf"
"EPI_800209891_FECR357960.pdf","X:\glosas escaneadas\radicaciones\la previsora s.a\16147\sop\EPI_800209891_FECR357960.pdf"
"EPI_800209891_FECR357965.pdf","X:\glosas escaneadas\radicaciones\la previsora s.a\16147\sop\EPI_800209891_FECR357965.pdf"
"EPI_800209891_FECR358071.pdf","X:\glosas escaneadas\radicaciones\la previsora s.a\16147\sop\EPI_800209891_FECR358071.pdf"
"EPI_800209891_FECR358115.pdf","X:\glosas escaneadas\radicaciones\la previsora s.a\16147\sop\EPI_800209891_FECR358115.pdf"
"EPI_800209891_FECR358141.pdf","X:\glosas escaneadas\radicaciones\la previsora s.a\16147\sop\EPI_800209891_FECR358141.pdf"
"EPI_800209891_FECR358287.pdf","X:\glosas escaneadas\radicaciones\la previsora s.a\16147\sop\EPI_800209891_FECR358287.pdf"
"EPI_800209891_FECR358379.pdf","X:\glosas escaneadas\radicaciones\la previsora s.a\16147\sop\EPI_800209891_FECR358379.pdf"
"EPI_800209891_FECR358999.pdf","X:\glosas escaneadas\radicaciones\la previsora s.a\16147\sop\EPI_800209891_FECR358999.pdf"
"EPI_800209891_FECR359004.pdf","X:\glosas escaneadas\radicaciones\la previsora s.a\16147\sop\EPI_800209891_FECR359004.pdf"
"EPI_800209891_FECR359529.pdf","X:\glosas escaneadas\radicaciones\la previsora s.a\16147\sop\EPI_800209891_FECR359529.pdf"
"EPI_800209891_FECR359556.pdf","X:\glosas escaneadas\radicaciones\la previsora s.a\16147\sop\EPI_800209891_FECR359556.pdf"
"EPI_800209891_FECR359584.pdf","X:\glosas escaneadas\radicaciones\la previsora s.a\16147\sop\EPI_800209891_FECR359584.pdf"
"EPI_800209891_FECR359598.pdf","X:\glosas escaneadas\radicaciones\la previsora s.a\16147\sop\EPI_800209891_FECR359598.pdf"
"EPI_800209891_FECR359614.pdf","X:\glosas escaneadas\radicaciones\la previsora s.a\16147\sop\EPI_800209891_FECR359614.pdf"
"EPI_800209891_FECR359665.pdf","X:\glosas escaneadas\radicaciones\la previsora s.a\16147\sop\EPI_800209891_FECR359665.pdf"
"EPI_800209891_FECR359767.pdf","X:\glosas escaneadas\radicaciones\la previsora s.a\16147\sop\EPI_800209891_FECR359767.pdf"
"EPI_800209891_FECR359796.pdf","X:\glosas escaneadas\radicaciones\la previsora s.a\16147\sop\EPI_800209891_FECR359796.pdf"
"EPI_800209891_FECR359804.pdf","X:\glosas escaneadas\radicaciones\la previsora s.a\16147\sop\EPI_800209891_FECR359804.pdf"
"EPI_800209891_FECR359873.pdf","X:\glosas escaneadas\radicaciones\la previsora s.a\16147\sop\EPI_800209891_FECR359873.pdf"
"EPI_800209891_FECR360113.pdf","X:\glosas escaneadas\radicaciones\la previsora s.a\16147\sop\EPI_800209891_FECR360113.pdf"
"EPI_800209891_FECR360116.pdf","X:\glosas escaneadas\radicaciones\la previsora s.a\16147\sop\EPI_800209891_FECR360116.pdf"
"EPI_800209891_FECR360123.pdf","X:\glosas escaneadas\radicaciones\la previsora s.a\16147\sop\EPI_800209891_FECR360123.pdf"
"EPI_800209891_FECR360185.pdf","X:\glosas escaneadas\radicaciones\la previsora s.a\16147\sop\EPI_800209891_FECR360185.pdf"
"EPI_800209891_FECR360253.pdf","X:\glosas escaneadas\radicaciones\la previsora s.a\16147\sop\EPI_800209891_FECR360253.pdf"
"EPI_800209891_FECR360318.pdf","X:\glosas escaneadas\radicaciones\la previsora s.a\16147\sop\EPI_800209891_FECR360318.pdf"
"EPI_800209891_FECR360361.pdf","X:\glosas escaneadas\radicaciones\la previsora s.a\16147\sop\EPI_800209891_FECR360361.pdf"
"EPI_800209891_FECR360441.pdf","X:\glosas escaneadas\radicaciones\la previsora s.a\16147\sop\EPI_800209891_FECR360441.pdf"
"EPI_800209891_FECR360464.pdf","X:\glosas escaneadas\radicaciones\la previsora s.a\16147\sop\EPI_800209891_FECR360464.pdf"
"EPI_800209891_FECR360515.pdf","X:\glosas escaneadas\radicaciones\la previsora s.a\16147\sop\EPI_800209891_FECR360515.pdf"
"EPI_800209891_FECR360542.pdf","X:\glosas escaneadas\radicaciones\la previsora s.a\16147\sop\EPI_800209891_FECR360542.pdf"
"EPI_800209891_FECR360546.pdf","X:\glosas escaneadas\radicaciones\la previsora s.a\16147\sop\EPI_800209891_FECR360546.pdf"
"EPI_800209891_FECR360548.pdf","X:\glosas escaneadas\radicaciones\la previsora s.a\16147\sop\EPI_800209891_FECR360548.pdf"
"EPI_800209891_FECR360557.pdf","X:\glosas escaneadas\radicaciones\la previsora s.a\16147\sop\EPI_800209891_FECR360557.pdf"
"EPI_800209891_FECR360634.pdf","X:\glosas escaneadas\radicaciones\la previsora s.a\16147\sop\EPI_800209891_FECR360634.pdf"
"EPI_800209891_FECR360643.pdf","X:\glosas escaneadas\radicaciones\la previsora s.a\16147\sop\EPI_800209891_FECR360643.pdf"
"EPI_800209891_FECR360671.pdf","X:\glosas escaneadas\radicaciones\la previsora s.a\16147\sop\EPI_800209891_FECR360671.pdf"
"EPI_800209891_FECR360699.pdf","X:\glosas escaneadas\radicaciones\la previsora s.a\16147\sop\EPI_800209891_FECR360699.pdf"
"EPI_800209891_FECR360754.pdf","X:\glosas escaneadas\radicaciones\la previsora s.a\16147\sop\EPI_800209891_FECR360754.pdf"
"EPI_800209891_FECR360756.pdf","X:\glosas escaneadas\radicaciones\la previsora s.a\16147\sop\EPI_800209891_FECR360756.pdf"
"EPI_800209891_FECR360758.pdf","X:\glosas escaneadas\radicaciones\la previsora s.a\16147\sop\EPI_800209891_FECR360758.pdf"
"EPI_800209891_FECR360759.pdf","X:\glosas escaneadas\radicaciones\la previsora s.a\16147\sop\EPI_800209891_FECR360759.pdf"
"EPI_800209891_FECR360761.pdf","X:\glosas escaneadas\radicaciones\la previsora s.a\16147\sop\EPI_800209891_FECR360761.pdf"
"EPI_800209891_FECR360786.pdf","X:\glosas escaneadas\radicaciones\la previsora s.a\16147\sop\EPI_800209891_FECR360786.pdf"
"EPI_800209891_FECR360818.pdf","X:\glosas escaneadas\radicaciones\la previsora s.a\16147\sop\EPI_800209891_FECR360818.pdf"
"EPI_800209891_FECR360828.pdf","X:\glosas escaneadas\radicaciones\la previsora s.a\16147\sop\EPI_800209891_FECR360828.pdf"
"EPI_800209891_FECR360850.pdf","X:\glosas escaneadas\radicaciones\la previsora s.a\16147\sop\EPI_800209891_FECR360850.pdf"
"EPI_800209891_FECR360914.pdf","X:\glosas escaneadas\radicaciones\la previsora s.a\16147\sop\EPI_800209891_FECR360914.pdf"
"EPI_800209891_FECR360989.pdf","X:\glosas escaneadas\radicaciones\la previsora s.a\16147\sop\EPI_800209891_FECR360989.pdf"
"EPI_800209891_FECR361038.pdf","X:\glosas escaneadas\radicaciones\la previsora s.a\16147\sop\EPI_800209891_FECR361038.pdf"
"EPI_800209891_FECR361048.pdf","X:\glosas escaneadas\radicaciones\la previsora s.a\16147\sop\EPI_800209891_FECR361048.pdf"
"EPI_800209891_FECR361096.pdf","X:\glosas escaneadas\radicaciones\la previsora s.a\16147\sop\EPI_800209891_FECR361096.pdf"
"EPI_800209891_FECR361136.pdf","X:\glosas escaneadas\radicaciones\la previsora s.a\16147\sop\EPI_800209891_FECR361136.pdf"
"EPI_800209891_FECR361362.pdf","X:\glosas escaneadas\radicaciones\la previsora s.a\16147\sop\EPI_800209891_FECR361362.pdf"
"EPI_800209891_FECR361395.pdf","X:\glosas escaneadas\radicaciones\la previsora s.a\16147\sop\EPI_800209891_FECR361395.pdf"
"EPI_800209891_FECR361412.pdf","X:\glosas escaneadas\radicaciones\la previsora s.a\16147\sop\EPI_800209891_FECR361412.pdf"
"EPI_800209891_FECR361460.pdf","X:\glosas escaneadas\radicaciones\la previsora s.a\16147\sop\EPI_800209891_FECR361460.pdf"
"EPI_800209891_FECR361562.pdf","X:\glosas escaneadas\radicaciones\la previsora s.a\16147\sop\EPI_800209891_FECR361562.pdf"
"EPI_800209891_FECR361605.pdf","X:\glosas escaneadas\radicaciones\la previsora s.a\16147\sop\EPI_800209891_FECR361605.pdf"
"EPI_800209891_FECR361754.pdf","X:\glosas escaneadas\radicaciones\la previsora s.a\16147\sop\EPI_800209891_FECR361754.pdf"
"EPI_800209891_FECR361794.pdf","X:\glosas escaneadas\radicaciones\la previsora s.a\16147\sop\EPI_800209891_FECR361794.pdf"
"EPI_800209891_FECR361814.pdf","X:\glosas escaneadas\radicaciones\la previsora s.a\16147\sop\EPI_800209891_FECR361814.pdf"
"EPI_800209891_FECR361817.pdf","X:\glosas escaneadas\radicaciones\la previsora s.a\16147\sop\EPI_800209891_FECR361817.pdf"
"EPI_800209891_FECR361828.pdf","X:\glosas escaneadas\radicaciones\la previsora s.a\16147\sop\EPI_800209891_FECR361828.pdf"
"EPI_800209891_FECR361835.pdf","X:\glosas escaneadas\radicaciones\la previsora s.a\16147\sop\EPI_800209891_FECR361835.pdf"
"EPI_800209891_FECR361844.pdf","X:\glosas escaneadas\radicaciones\la previsora s.a\16147\sop\EPI_800209891_FECR361844.pdf"
"EPI_800209891_FECR361894.pdf","X:\glosas escaneadas\radicaciones\la previsora s.a\16147\sop\EPI_800209891_FECR361894.pdf"
"EPI_800209891_FECR361918.pdf","X:\glosas escaneadas\radicaciones\la previsora s.a\16147\sop\EPI_800209891_FECR361918.pdf"
"EPI_800209891_FECR361978.pdf","X:\glosas escaneadas\radicaciones\la previsora s.a\16147\sop\EPI_800209891_FECR361978.pdf"
"EPI_800209891_FECR361984.pdf","X:\glosas escaneadas\radicaciones\la previsora s.a\16147\sop\EPI_800209891_FECR361984.pdf"
"EPI_800209891_FECR361988.pdf","X:\glosas escaneadas\radicaciones\la previsora s.a\16147\sop\EPI_800209891_FECR361988.pdf"
"EPI_800209891_FECR361998.pdf","X:\glosas escaneadas\radicaciones\la previsora s.a\16147\sop\EPI_800209891_FECR361998.pdf"
"EPI_800209891_FECR362039.pdf","X:\glosas escaneadas\radicaciones\la previsora s.a\16147\sop\EPI_800209891_FECR362039.pdf"
"EPI_800209891_FECR362056.pdf","X:\glosas escaneadas\radicaciones\la previsora s.a\16147\sop\EPI_800209891_FECR362056.pdf"
"EPI_800209891_FECR362100.pdf","X:\glosas escaneadas\radicaciones\la previsora s.a\16147\sop\EPI_800209891_FECR362100.pdf"
"EPI_800209891_FECR362107.pdf","X:\glosas escaneadas\radicaciones\la previsora s.a\16147\sop\EPI_800209891_FECR362107.pdf"
"EPI_800209891_FECR362129.pdf","X:\glosas escaneadas\radicaciones\la previsora s.a\16147\sop\EPI_800209891_FECR362129.pdf"
"EPI_800209891_FECR362263.pdf","X:\glosas escaneadas\radicaciones\la previsora s.a\16147\sop\EPI_800209891_FECR362263.pdf"
"EPI_800209891_FECR362363.pdf","X:\glosas escaneadas\radicaciones\la previsora s.a\16147\sop\EPI_800209891_FECR362363.pdf"
"EPI_800209891_FECR362368.pdf","X:\glosas escaneadas\radicaciones\la previsora s.a\16147\sop\EPI_800209891_FECR362368.pdf"
"EPI_800209891_FECR362377.pdf","X:\glosas escaneadas\radicaciones\la previsora s.a\16147\sop\EPI_800209891_FECR362377.pdf"
"EPI_800209891_FECR362387.pdf","X:\glosas escaneadas\radicaciones\la previsora s.a\16147\sop\EPI_800209891_FECR362387.pdf"
"EPI_800209891_FECR362394.pdf","X:\glosas escaneadas\radicaciones\la previsora s.a\16147\sop\EPI_800209891_FECR362394.pdf"
"EPI_800209891_FECR362405.pdf","X:\glosas escaneadas\radicaciones\la previsora s.a\16147\sop\EPI_800209891_FECR362405.pdf"
"EPI_800209891_FECR362429.pdf","X:\glosas escaneadas\radicaciones\la previsora s.a\16147\sop\EPI_800209891_FECR362429.pdf"
"EPI_800209891_FECR362476.pdf","X:\glosas escaneadas\radicaciones\la previsora s.a\16147\sop\EPI_800209891_FECR362476.pdf"
"EPI_800209891_FECR362561.pdf","X:\glosas escaneadas\radicaciones\la previsora s.a\16147\sop\EPI_800209891_FECR362561.pdf"
"EPI_800209891_FECR362570.pdf","X:\glosas escaneadas\radicaciones\la previsora s.a\16147\sop\EPI_800209891_FECR362570.pdf"
"EPI_800209891_FECR362656.pdf","X:\glosas escaneadas\radicaciones\la previsora s.a\16147\sop\EPI_800209891_FECR362656.pdf"
"EPI_800209891_FECR362711.pdf","X:\glosas escaneadas\radicaciones\la previsora s.a\16147\sop\EPI_800209891_FECR362711.pdf"
"EPI_800209891_FECR362880.pdf","X:\glosas escaneadas\radicaciones\la previsora s.a\16147\sop\EPI_800209891_FECR362880.pdf"
"EPI_800209891_FECR362891.pdf","X:\glosas escaneadas\radicaciones\la previsora s.a\16147\sop\EPI_800209891_FECR362891.pdf"
"EPI_800209891_FECR363040.pdf","X:\glosas escaneadas\radicaciones\la previsora s.a\16147\sop\EPI_800209891_FECR363040.pdf"
"EPI_800209891_FECR363252.pdf","X:\glosas escaneadas\radicaciones\la previsora s.a\16147\sop\EPI_800209891_FECR363252.pdf"
"EPI_800209891_FECR363417.pdf","X:\glosas escaneadas\radicaciones\la previsora s.a\16147\sop\EPI_800209891_FECR363417.pdf"
"EPI_800209891_FECR363428.pdf","X:\glosas escaneadas\radicaciones\la previsora s.a\16147\sop\EPI_800209891_FECR363428.pdf"
"EPI_800209891_FECR363518.pdf","X:\glosas escaneadas\radicaciones\la previsora s.a\16147\sop\EPI_800209891_FECR363518.pdf"
"EPI_800209891_FECR363584.pdf","X:\glosas escaneadas\radicaciones\la previsora s.a\16147\sop\EPI_800209891_FECR363584.pdf"
"EPI_800209891_FECR363808.pdf","X:\glosas escaneadas\radicaciones\la previsora s.a\16147\sop\EPI_800209891_FECR363808.pdf"
"EPI_800209891_FECR363832.pdf","X:\glosas escaneadas\radicaciones\la previsora s.a\16147\sop\EPI_800209891_FECR363832.pdf"
"EPI_800209891_FECR364157.pdf","X:\glosas escaneadas\radicaciones\la previsora s.a\16147\sop\EPI_800209891_FECR364157.pdf"
"EPI_800209891_FECR364240.pdf","X:\glosas escaneadas\radicaciones\la previsora s.a\16147\sop\EPI_800209891_FECR364240.pdf"
"EPI_800209891_FECR364416.pdf","X:\glosas escaneadas\radicaciones\la previsora s.a\16147\sop\EPI_800209891_FECR364416.pdf"
"EPI_800209891_FECR364421.pdf","X:\glosas escaneadas\radicaciones\la previsora s.a\16147\sop\EPI_800209891_FECR364421.pdf"
"EPI_800209891_FECR364455.pdf","X:\glosas escaneadas\radicaciones\la previsora s.a\16147\sop\EPI_800209891_FECR364455.pdf"
"EPI_800209891_FECR364465.pdf","X:\glosas escaneadas\radicaciones\la previsora s.a\16147\sop\EPI_800209891_FECR364465.pdf"
"EPI_800209891_FECR364481.pdf","X:\glosas escaneadas\radicaciones\la previsora s.a\16147\sop\EPI_800209891_FECR364481.pdf"
"EPI_800209891_FECR364507.pdf","X:\glosas escaneadas\radicaciones\la previsora s.a\16147\sop\EPI_800209891_FECR364507.pdf"
"EPI_800209891_FECR364524.pdf","X:\glosas escaneadas\radicaciones\la previsora s.a\16147\sop\EPI_800209891_FECR364524.pdf"
"EPI_800209891_FECR364658.pdf","X:\glosas escaneadas\radicaciones\la previsora s.a\16147\sop\EPI_800209891_FECR364658.pdf"
"EPI_800209891_FECR364675.pdf","X:\glosas escaneadas\radicaciones\la previsora s.a\16147\sop\EPI_800209891_FECR364675.pdf"
"EPI_800209891_FECR364720.pdf","X:\glosas escaneadas\radicaciones\la previsora s.a\16147\sop\EPI_800209891_FECR364720.pdf"
"EPI_800209891_FECR364723.pdf","X:\glosas escaneadas\radicaciones\la previsora s.a\16147\sop\EPI_800209891_FECR364723.pdf"
"EPI_800209891_FECR364736.pdf","X:\glosas escaneadas\radicaciones\la previsora s.a\16147\sop\EPI_800209891_FECR364736.pdf"
"EPI_800209891_FECR364739.pdf","X:\glosas escaneadas\radicaciones\la previsora s.a\16147\sop\EPI_800209891_FECR364739.pdf"
"EPI_800209891_FECR364847.pdf","X:\glosas escaneadas\radicaciones\la previsora s.a\16147\sop\EPI_800209891_FECR364847.pdf"
"EPI_800209891_FECR364867.pdf","X:\glosas escaneadas\radicaciones\la previsora s.a\16147\sop\EPI_800209891_FECR364867.pdf"
"EPI_800209891_FECR364868.pdf","X:\glosas escaneadas\radicaciones\la previsora s.a\16147\sop\EPI_800209891_FECR364868.pdf"
"EPI_800209891_FECR364870.pdf","X:\glosas escaneadas\radicaciones\la previsora s.a\16147\sop\EPI_800209891_FECR364870.pdf"
"EPI_800209891_FECR364882.pdf","X:\glosas escaneadas\radicaciones\la previsora s.a\16147\sop\EPI_800209891_FECR364882.pdf"
"EPI_800209891_FECR364892.pdf","X:\glosas escaneadas\radicaciones\la previsora s.a\16147\sop\EPI_800209891_FECR364892.pdf"
"EPI_800209891_FECR364940.pdf","X:\glosas escaneadas\radicaciones\la previsora s.a\16147\sop\EPI_800209891_FECR364940.pdf"
"EPI_800209891_FECR364950.pdf","X:\glosas escaneadas\radicaciones\la previsora s.a\16147\sop\EPI_800209891_FECR364950.pdf"
"EPI_800209891_FECR364954.pdf","X:\glosas escaneadas\radicaciones\la previsora s.a\16147\sop\EPI_800209891_FECR364954.pdf"
"EPI_800209891_FECR364955.pdf","X:\glosas escaneadas\radicaciones\la previsora s.a\16147\sop\EPI_800209891_FECR364955.pdf"
"EPI_800209891_FECR365017.pdf","X:\glosas escaneadas\radicaciones\la previsora s.a\16147\sop\EPI_800209891_FECR365017.pdf"
"EPI_800209891_FECR365025.pdf","X:\glosas escaneadas\radicaciones\la previsora s.a\16147\sop\EPI_800209891_FECR365025.pdf"
"EPI_800209891_FECR365056.pdf","X:\glosas escaneadas\radicaciones\la previsora s.a\16147\sop\EPI_800209891_FECR365056.pdf"
"EPI_800209891_FECR365103.pdf","X:\glosas escaneadas\radicaciones\la previsora s.a\16147\sop\EPI_800209891_FECR365103.pdf"
"EPI_800209891_FECR365113.pdf","X:\glosas escaneadas\radicaciones\la previsora s.a\16147\sop\EPI_800209891_FECR365113.pdf"
"EPI_800209891_FECR365125.pdf","X:\glosas escaneadas\radicaciones\la previsora s.a\16147\sop\EPI_800209891_FECR365125.pdf"
"EPI_800209891_FERR2737.pdf","X:\glosas escaneadas\radicaciones\la previsora s.a\16147\sop\EPI_800209891_FERR2737.pdf"
"FURIPS_800209891_COEX14435.pdf","X:\glosas escaneadas\radicaciones\la previsora s.a\16147\sop\FURIPS_800209891_COEX14435.pdf"
"FURIPS_800209891_COEX15118.pdf","X:\glosas escaneadas\radicaciones\la previsora s.a\16147\sop\FURIPS_800209891_COEX15118.pdf"
"FURIPS_800209891_COEX25912.pdf","X:\glosas escaneadas\radicaciones\la previsora s.a\16147\sop\FURIPS_800209891_COEX25912.pdf"
"FURIPS_800209891_COEX26562.pdf","X:\glosas escaneadas\radicaciones\la previsora s.a\16147\sop\FURIPS_800209891_COEX26562.pdf"
"FURIPS_800209891_COEX33960.pdf","X:\glosas escaneadas\radicaciones\la previsora s.a\16147\sop\FURIPS_800209891_COEX33960.pdf"
"FURIPS_800209891_COEX33965.pdf","X:\glosas escaneadas\radicaciones\la previsora s.a\16147\sop\FURIPS_800209891_COEX33965.pdf"
"FURIPS_800209891_COEX34002.pdf","X:\glosas escaneadas\radicaciones\la previsora s.a\16147\sop\FURIPS_800209891_COEX34002.pdf"
"FURIPS_800209891_COEX34011.pdf","X:\glosas escaneadas\radicaciones\la previsora s.a\16147\sop\FURIPS_800209891_COEX34011.pdf"
"FURIPS_800209891_COEX34054.pdf","X:\glosas escaneadas\radicaciones\la previsora s.a\16147\sop\FURIPS_800209891_COEX34054.pdf"
"FURIPS_800209891_COEX34538.pdf","X:\glosas escaneadas\radicaciones\la previsora s.a\16147\sop\FURIPS_800209891_COEX34538.pdf"
"FURIPS_800209891_COEX36728.pdf","X:\glosas escaneadas\radicaciones\la previsora s.a\16147\sop\FURIPS_800209891_COEX36728.pdf"
"FURIPS_800209891_COEX37010.pdf","X:\glosas escaneadas\radicaciones\la previsora s.a\16147\sop\FURIPS_800209891_COEX37010.pdf"
"FURIPS_800209891_COEX37052.pdf","X:\glosas escaneadas\radicaciones\la previsora s.a\16147\sop\FURIPS_800209891_COEX37052.pdf"
"FURIPS_800209891_COEX37087.pdf","X:\glosas escaneadas\radicaciones\la previsora s.a\16147\sop\FURIPS_800209891_COEX37087.pdf"
"FURIPS_800209891_COEX37088.pdf","X:\glosas escaneadas\radicaciones\la previsora s.a\16147\sop\FURIPS_800209891_COEX37088.pdf"
"FURIPS_800209891_COEX37089.pdf","X:\glosas escaneadas\radicaciones\la previsora s.a\16147\sop\FURIPS_800209891_COEX37089.pdf"
"FURIPS_800209891_COEX37097.pdf","X:\glosas escaneadas\radicaciones\la previsora s.a\16147\sop\FURIPS_800209891_COEX37097.pdf"
"FURIPS_800209891_COEX37100.pdf","X:\glosas escaneadas\radicaciones\la previsora s.a\16147\sop\FURIPS_800209891_COEX37100.pdf"
"FURIPS_800209891_COEX37101.pdf","X:\glosas escaneadas\radicaciones\la previsora s.a\16147\sop\FURIPS_800209891_COEX37101.pdf"
"FURIPS_800209891_COEX37102.pdf","X:\glosas escaneadas\radicaciones\la previsora s.a\16147\sop\FURIPS_800209891_COEX37102.pdf"
"FURIPS_800209891_COEX37151.pdf","X:\glosas escaneadas\radicaciones\la previsora s.a\16147\sop\FURIPS_800209891_COEX37151.pdf"
"FURIPS_800209891_COEX37181.pdf","X:\glosas escaneadas\radicaciones\la previsora s.a\16147\sop\FURIPS_800209891_COEX37181.pdf"
"FURIPS_800209891_COEX37183.pdf","X:\glosas escaneadas\radicaciones\la previsora s.a\16147\sop\FURIPS_800209891_COEX37183.pdf"
"FURIPS_800209891_COEX37416.pdf","X:\glosas escaneadas\radicaciones\la previsora s.a\16147\sop\FURIPS_800209891_COEX37416.pdf"
"FURIPS_800209891_COEX37424.pdf","X:\glosas escaneadas\radicaciones\la previsora s.a\16147\sop\FURIPS_800209891_COEX37424.pdf"
"FURIPS_800209891_COEX37523.pdf","X:\glosas escaneadas\radicaciones\la previsora s.a\16147\sop\FURIPS_800209891_COEX37523.pdf"
"FURIPS_800209891_COEX37524.pdf","X:\glosas escaneadas\radicaciones\la previsora s.a\16147\sop\FURIPS_800209891_COEX37524.pdf"
"FURIPS_800209891_COEX37527.pdf","X:\glosas escaneadas\radicaciones\la previsora s.a\16147\sop\FURIPS_800209891_COEX37527.pdf"
"FURIPS_800209891_COEX37545.pdf","X:\glosas escaneadas\radicaciones\la previsora s.a\16147\sop\FURIPS_800209891_COEX37545.pdf"
"FURIPS_800209891_COEX37662.pdf","X:\glosas escaneadas\radicaciones\la previsora s.a\16147\sop\FURIPS_800209891_COEX37662.pdf"
"FURIPS_800209891_COEX37693.pdf","X:\glosas escaneadas\radicaciones\la previsora s.a\16147\sop\FURIPS_800209891_COEX37693.pdf"
"FURIPS_800209891_COEX37884.pdf","X:\glosas escaneadas\radicaciones\la previsora s.a\16147\sop\FURIPS_800209891_COEX37884.pdf"
"FURIPS_800209891_COEX38045.pdf","X:\glosas escaneadas\radicaciones\la previsora s.a\16147\sop\FURIPS_800209891_COEX38045.pdf"
"FURIPS_800209891_COEX38144.pdf","X:\glosas escaneadas\radicaciones\la previsora s.a\16147\sop\FURIPS_800209891_COEX38144.pdf"
"FURIPS_800209891_COEX38155.pdf","X:\glosas escaneadas\radicaciones\la previsora s.a\16147\sop\FURIPS_800209891_COEX38155.pdf"
"FURIPS_800209891_COEX38171.pdf","X:\glosas escaneadas\radicaciones\la previsora s.a\16147\sop\FURIPS_800209891_COEX38171.pdf"
"FURIPS_800209891_COEX38195.pdf","X:\glosas escaneadas\radicaciones\la previsora s.a\16147\sop\FURIPS_800209891_COEX38195.pdf"
"FURIPS_800209891_COEX38207.pdf","X:\glosas escaneadas\radicaciones\la previsora s.a\16147\sop\FURIPS_800209891_COEX38207.pdf"
"FURIPS_800209891_COEX38229.pdf","X:\glosas escaneadas\radicaciones\la previsora s.a\16147\sop\FURIPS_800209891_COEX38229.pdf"
"FURIPS_800209891_COEX38233.pdf","X:\glosas escaneadas\radicaciones\la previsora s.a\16147\sop\FURIPS_800209891_COEX38233.pdf"
"FURIPS_800209891_COEX38777.pdf","X:\glosas escaneadas\radicaciones\la previsora s.a\16147\sop\FURIPS_800209891_COEX38777.pdf"
"FURIPS_800209891_COEX39518.pdf","X:\glosas escaneadas\radicaciones\la previsora s.a\16147\sop\FURIPS_800209891_COEX39518.pdf"
"FURIPS_800209891_COEX39529.pdf","X:\glosas escaneadas\radicaciones\la previsora s.a\16147\sop\FURIPS_800209891_COEX39529.pdf"
"FURIPS_800209891_FECR253132.pdf","X:\glosas escaneadas\radicaciones\la previsora s.a\16147\sop\FURIPS_800209891_FECR253132.pdf"
"FURIPS_800209891_FECR275641.pdf","X:\glosas escaneadas\radicaciones\la previsora s.a\16147\sop\FURIPS_800209891_FECR275641.pdf"
"FURIPS_800209891_FECR311413.pdf","X:\glosas escaneadas\radicaciones\la previsora s.a\16147\sop\FURIPS_800209891_FECR311413.pdf"
"FURIPS_800209891_FECR319741.pdf","X:\glosas escaneadas\radicaciones\la previsora s.a\16147\sop\FURIPS_800209891_FECR319741.pdf"
"FURIPS_800209891_FECR320643.pdf","X:\glosas escaneadas\radicaciones\la previsora s.a\16147\sop\FURIPS_800209891_FECR320643.pdf"
"FURIPS_800209891_FECR321473.pdf","X:\glosas escaneadas\radicaciones\la previsora s.a\16147\sop\FURIPS_800209891_FECR321473.pdf"
"FURIPS_800209891_FECR321481.pdf","X:\glosas escaneadas\radicaciones\la previsora s.a\16147\sop\FURIPS_800209891_FECR321481.pdf"
"FURIPS_800209891_FECR333334.pdf","X:\glosas escaneadas\radicaciones\la previsora s.a\16147\sop\FURIPS_800209891_FECR333334.pdf"
"FURIPS_800209891_FECR348627.pdf","X:\glosas escaneadas\radicaciones\la previsora s.a\16147\sop\FURIPS_800209891_FECR348627.pdf"
"FURIPS_800209891_FECR349722.pdf","X:\glosas escaneadas\radicaciones\la previsora s.a\16147\sop\FURIPS_800209891_FECR349722.pdf"
"FURIPS_800209891_FECR350059.pdf","X:\glosas escaneadas\radicaciones\la previsora s.a\16147\sop\FURIPS_800209891_FECR350059.pdf"
"FURIPS_800209891_FECR351330.pdf","X:\glosas escaneadas\radicaciones\la previsora s.a\16147\sop\FURIPS_800209891_FECR351330.pdf"
"FURIPS_800209891_FECR352712.pdf","X:\glosas escaneadas\radicaciones\la previsora s.a\16147\sop\FURIPS_800209891_FECR352712.pdf"
"FURIPS_800209891_FECR353829.pdf","X:\glosas escaneadas\radicaciones\la previsora s.a\16147\sop\FURIPS_800209891_FECR353829.pdf"
"FURIPS_800209891_FECR353852.pdf","X:\glosas escaneadas\radicaciones\la previsora s.a\16147\sop\FURIPS_800209891_FECR353852.pdf"
"FURIPS_800209891_FECR353854.pdf","X:\glosas escaneadas\radicaciones\la previsora s.a\16147\sop\FURIPS_800209891_FECR353854.pdf"
"FURIPS_800209891_FECR353883.pdf","X:\glosas escaneadas\radicaciones\la previsora s.a\16147\sop\FURIPS_800209891_FECR353883.pdf"
"FURIPS_800209891_FECR353898.pdf","X:\glosas escaneadas\radicaciones\la previsora s.a\16147\sop\FURIPS_800209891_FECR353898.pdf"
"FURIPS_800209891_FECR353904.pdf","X:\glosas escaneadas\radicaciones\la previsora s.a\16147\sop\FURIPS_800209891_FECR353904.pdf"
"FURIPS_800209891_FECR353928.pdf","X:\glosas escaneadas\radicaciones\la previsora s.a\16147\sop\FURIPS_800209891_FECR353928.pdf"
"FURIPS_800209891_FECR353933.pdf","X:\glosas escaneadas\radicaciones\la previsora s.a\16147\sop\FURIPS_800209891_FECR353933.pdf"
"FURIPS_800209891_FECR353935.pdf","X:\glosas escaneadas\radicaciones\la previsora s.a\16147\sop\FURIPS_800209891_FECR353935.pdf"
"FURIPS_800209891_FECR353947.pdf","X:\glosas escaneadas\radicaciones\la previsora s.a\16147\sop\FURIPS_800209891_FECR353947.pdf"
"FURIPS_800209891_FECR353956.pdf","X:\glosas escaneadas\radicaciones\la previsora s.a\16147\sop\FURIPS_800209891_FECR353956.pdf"
"FURIPS_800209891_FECR354008.pdf","X:\glosas escaneadas\radicaciones\la previsora s.a\16147\sop\FURIPS_800209891_FECR354008.pdf"
"FURIPS_800209891_FECR354018.pdf","X:\glosas escaneadas\radicaciones\la previsora s.a\16147\sop\FURIPS_800209891_FECR354018.pdf"
"FURIPS_800209891_FECR354033.pdf","X:\glosas escaneadas\radicaciones\la previsora s.a\16147\sop\FURIPS_800209891_FECR354033.pdf"
"FURIPS_800209891_FECR354059.pdf","X:\glosas escaneadas\radicaciones\la previsora s.a\16147\sop\FURIPS_800209891_FECR354059.pdf"
"FURIPS_800209891_FECR354090.pdf","X:\glosas escaneadas\radicaciones\la previsora s.a\16147\sop\FURIPS_800209891_FECR354090.pdf"
"FURIPS_800209891_FECR354111.pdf","X:\glosas escaneadas\radicaciones\la previsora s.a\16147\sop\FURIPS_800209891_FECR354111.pdf"
"FURIPS_800209891_FECR354126.pdf","X:\glosas escaneadas\radicaciones\la previsora s.a\16147\sop\FURIPS_800209891_FECR354126.pdf"
"FURIPS_800209891_FECR354306.pdf","X:\glosas escaneadas\radicaciones\la previsora s.a\16147\sop\FURIPS_800209891_FECR354306.pdf"
"FURIPS_800209891_FECR354413.pdf","X:\glosas escaneadas\radicaciones\la previsora s.a\16147\sop\FURIPS_800209891_FECR354413.pdf"
"FURIPS_800209891_FECR354422.pdf","X:\glosas escaneadas\radicaciones\la previsora s.a\16147\sop\FURIPS_800209891_FECR354422.pdf"
"FURIPS_800209891_FECR354494.pdf","X:\glosas escaneadas\radicaciones\la previsora s.a\16147\sop\FURIPS_800209891_FECR354494.pdf"
"FURIPS_800209891_FECR354540.pdf","X:\glosas escaneadas\radicaciones\la previsora s.a\16147\sop\FURIPS_800209891_FECR354540.pdf"
"FURIPS_800209891_FECR354590.pdf","X:\glosas escaneadas\radicaciones\la previsora s.a\16147\sop\FURIPS_800209891_FECR354590.pdf"
"FURIPS_800209891_FECR354591.pdf","X:\glosas escaneadas\radicaciones\la previsora s.a\16147\sop\FURIPS_800209891_FECR354591.pdf"
"FURIPS_800209891_FECR354631.pdf","X:\glosas escaneadas\radicaciones\la previsora s.a\16147\sop\FURIPS_800209891_FECR354631.pdf"
"FURIPS_800209891_FECR354635.pdf","X:\glosas escaneadas\radicaciones\la previsora s.a\16147\sop\FURIPS_800209891_FECR354635.pdf"
"FURIPS_800209891_FECR354639.pdf","X:\glosas escaneadas\radicaciones\la previsora s.a\16147\sop\FURIPS_800209891_FECR354639.pdf"
"FURIPS_800209891_FECR354794.pdf","X:\glosas escaneadas\radicaciones\la previsora s.a\16147\sop\FURIPS_800209891_FECR354794.pdf"
"FURIPS_800209891_FECR355096.pdf","X:\glosas escaneadas\radicaciones\la previsora s.a\16147\sop\FURIPS_800209891_FECR355096.pdf"
"FURIPS_800209891_FECR355114.pdf","X:\glosas escaneadas\radicaciones\la previsora s.a\16147\sop\FURIPS_800209891_FECR355114.pdf"
"FURIPS_800209891_FECR355121.pdf","X:\glosas escaneadas\radicaciones\la previsora s.a\16147\sop\FURIPS_800209891_FECR355121.pdf"
"FURIPS_800209891_FECR355163.pdf","X:\glosas escaneadas\radicaciones\la previsora s.a\16147\sop\FURIPS_800209891_FECR355163.pdf"
"FURIPS_800209891_FECR355230.pdf","X:\glosas escaneadas\radicaciones\la previsora s.a\16147\sop\FURIPS_800209891_FECR355230.pdf"
"FURIPS_800209891_FECR355416.pdf","X:\glosas escaneadas\radicaciones\la previsora s.a\16147\sop\FURIPS_800209891_FECR355416.pdf"
"FURIPS_800209891_FECR355486.pdf","X:\glosas escaneadas\radicaciones\la previsora s.a\16147\sop\FURIPS_800209891_FECR355486.pdf"
"FURIPS_800209891_FECR355659.pdf","X:\glosas escaneadas\radicaciones\la previsora s.a\16147\sop\FURIPS_800209891_FECR355659.pdf"
"FURIPS_800209891_FECR355731.pdf","X:\glosas escaneadas\radicaciones\la previsora s.a\16147\sop\FURIPS_800209891_FECR355731.pdf"
"FURIPS_800209891_FECR355751.pdf","X:\glosas escaneadas\radicaciones\la previsora s.a\16147\sop\FURIPS_800209891_FECR355751.pdf"
"FURIPS_800209891_FECR356053.pdf","X:\glosas escaneadas\radicaciones\la previsora s.a\16147\sop\FURIPS_800209891_FECR356053.pdf"
"FURIPS_800209891_FECR356154.pdf","X:\glosas escaneadas\radicaciones\la previsora s.a\16147\sop\FURIPS_800209891_FECR356154.pdf"
"FURIPS_800209891_FECR356708.pdf","X:\glosas escaneadas\radicaciones\la previsora s.a\16147\sop\FURIPS_800209891_FECR356708.pdf"
"FURIPS_800209891_FECR356723.pdf","X:\glosas escaneadas\radicaciones\la previsora s.a\16147\sop\FURIPS_800209891_FECR356723.pdf"
"FURIPS_800209891_FECR356801.pdf","X:\glosas escaneadas\radicaciones\la previsora s.a\16147\sop\FURIPS_800209891_FECR356801.pdf"
"FURIPS_800209891_FECR356873.pdf","X:\glosas escaneadas\radicaciones\la previsora s.a\16147\sop\FURIPS_800209891_FECR356873.pdf"
"FURIPS_800209891_FECR356887.pdf","X:\glosas escaneadas\radicaciones\la previsora s.a\16147\sop\FURIPS_800209891_FECR356887.pdf"
"FURIPS_800209891_FECR357192.pdf","X:\glosas escaneadas\radicaciones\la previsora s.a\16147\sop\FURIPS_800209891_FECR357192.pdf"
"FURIPS_800209891_FECR357351.pdf","X:\glosas escaneadas\radicaciones\la previsora s.a\16147\sop\FURIPS_800209891_FECR357351.pdf"
"FURIPS_800209891_FECR357457.pdf","X:\glosas escaneadas\radicaciones\la previsora s.a\16147\sop\FURIPS_800209891_FECR357457.pdf"
"FURIPS_800209891_FECR357940.pdf","X:\glosas escaneadas\radicaciones\la previsora s.a\16147\sop\FURIPS_800209891_FECR357940.pdf"
"FURIPS_800209891_FECR357960.pdf","X:\glosas escaneadas\radicaciones\la previsora s.a\16147\sop\FURIPS_800209891_FECR357960.pdf"
"FURIPS_800209891_FECR357965.pdf","X:\glosas escaneadas\radicaciones\la previsora s.a\16147\sop\FURIPS_800209891_FECR357965.pdf"
"FURIPS_800209891_FECR358071.pdf","X:\glosas escaneadas\radicaciones\la previsora s.a\16147\sop\FURIPS_800209891_FECR358071.pdf"
"FURIPS_800209891_FECR358115.pdf","X:\glosas escaneadas\radicaciones\la previsora s.a\16147\sop\FURIPS_800209891_FECR358115.pdf"
"FURIPS_800209891_FECR358141.pdf","X:\glosas escaneadas\radicaciones\la previsora s.a\16147\sop\FURIPS_800209891_FECR358141.pdf"
"FURIPS_800209891_FECR358287.pdf","X:\glosas escaneadas\radicaciones\la previsora s.a\16147\sop\FURIPS_800209891_FECR358287.pdf"
"FURIPS_800209891_FECR358379.pdf","X:\glosas escaneadas\radicaciones\la previsora s.a\16147\sop\FURIPS_800209891_FECR358379.pdf"
"FURIPS_800209891_FECR358999.pdf","X:\glosas escaneadas\radicaciones\la previsora s.a\16147\sop\FURIPS_800209891_FECR358999.pdf"
"FURIPS_800209891_FECR359004.pdf","X:\glosas escaneadas\radicaciones\la previsora s.a\16147\sop\FURIPS_800209891_FECR359004.pdf"
"FURIPS_800209891_FECR359529.pdf","X:\glosas escaneadas\radicaciones\la previsora s.a\16147\sop\FURIPS_800209891_FECR359529.pdf"
"FURIPS_800209891_FECR359556.pdf","X:\glosas escaneadas\radicaciones\la previsora s.a\16147\sop\FURIPS_800209891_FECR359556.pdf"
"FURIPS_800209891_FECR359584.pdf","X:\glosas escaneadas\radicaciones\la previsora s.a\16147\sop\FURIPS_800209891_FECR359584.pdf"
"FURIPS_800209891_FECR359598.pdf","X:\glosas escaneadas\radicaciones\la previsora s.a\16147\sop\FURIPS_800209891_FECR359598.pdf"
"FURIPS_800209891_FECR359614.pdf","X:\glosas escaneadas\radicaciones\la previsora s.a\16147\sop\FURIPS_800209891_FECR359614.pdf"
"FURIPS_800209891_FECR359665.pdf","X:\glosas escaneadas\radicaciones\la previsora s.a\16147\sop\FURIPS_800209891_FECR359665.pdf"
"FURIPS_800209891_FECR359767.pdf","X:\glosas escaneadas\radicaciones\la previsora s.a\16147\sop\FURIPS_800209891_FECR359767.pdf"
"FURIPS_800209891_FECR359796.pdf","X:\glosas escaneadas\radicaciones\la previsora s.a\16147\sop\FURIPS_800209891_FECR359796.pdf"
"FURIPS_800209891_FECR359804.pdf","X:\glosas escaneadas\radicaciones\la previsora s.a\16147\sop\FURIPS_800209891_FECR359804.pdf"
"FURIPS_800209891_FECR359873.pdf","X:\glosas escaneadas\radicaciones\la previsora s.a\16147\sop\FURIPS_800209891_FECR359873.pdf"
"FURIPS_800209891_FECR360113.pdf","X:\glosas escaneadas\radicaciones\la previsora s.a\16147\sop\FURIPS_800209891_FECR360113.pdf"
"FURIPS_800209891_FECR360116.pdf","X:\glosas escaneadas\radicaciones\la previsora s.a\16147\sop\FURIPS_800209891_FECR360116.pdf"
"FURIPS_800209891_FECR360123.pdf","X:\glosas escaneadas\radicaciones\la previsora s.a\16147\sop\FURIPS_800209891_FECR360123.pdf"
"FURIPS_800209891_FECR360185.pdf","X:\glosas escaneadas\radicaciones\la previsora s.a\16147\sop\FURIPS_800209891_FECR360185.pdf"
"FURIPS_800209891_FECR360253.pdf","X:\glosas escaneadas\radicaciones\la previsora s.a\16147\sop\FURIPS_800209891_FECR360253.pdf"
"FURIPS_800209891_FECR360318.pdf","X:\glosas escaneadas\radicaciones\la previsora s.a\16147\sop\FURIPS_800209891_FECR360318.pdf"
"FURIPS_800209891_FECR360361.pdf","X:\glosas escaneadas\radicaciones\la previsora s.a\16147\sop\FURIPS_800209891_FECR360361.pdf"
"FURIPS_800209891_FECR360441.pdf","X:\glosas escaneadas\radicaciones\la previsora s.a\16147\sop\FURIPS_800209891_FECR360441.pdf"
"FURIPS_800209891_FECR360464.pdf","X:\glosas escaneadas\radicaciones\la previsora s.a\16147\sop\FURIPS_800209891_FECR360464.pdf"
"FURIPS_800209891_FECR360515.pdf","X:\glosas escaneadas\radicaciones\la previsora s.a\16147\sop\FURIPS_800209891_FECR360515.pdf"
"FURIPS_800209891_FECR360542.pdf","X:\glosas escaneadas\radicaciones\la previsora s.a\16147\sop\FURIPS_800209891_FECR360542.pdf"
"FURIPS_800209891_FECR360546.pdf","X:\glosas escaneadas\radicaciones\la previsora s.a\16147\sop\FURIPS_800209891_FECR360546.pdf"
"FURIPS_800209891_FECR360548.pdf","X:\glosas escaneadas\radicaciones\la previsora s.a\16147\sop\FURIPS_800209891_FECR360548.pdf"
"FURIPS_800209891_FECR360557.pdf","X:\glosas escaneadas\radicaciones\la previsora s.a\16147\sop\FURIPS_800209891_FECR360557.pdf"
"FURIPS_800209891_FECR360634.pdf","X:\glosas escaneadas\radicaciones\la previsora s.a\16147\sop\FURIPS_800209891_FECR360634.pdf"
"FURIPS_800209891_FECR360643.pdf","X:\glosas escaneadas\radicaciones\la previsora s.a\16147\sop\FURIPS_800209891_FECR360643.pdf"
"FURIPS_800209891_FECR360671.pdf","X:\glosas escaneadas\radicaciones\la previsora s.a\16147\sop\FURIPS_800209891_FECR360671.pdf"
"FURIPS_800209891_FECR360699.pdf","X:\glosas escaneadas\radicaciones\la previsora s.a\16147\sop\FURIPS_800209891_FECR360699.pdf"
"FURIPS_800209891_FECR360754.pdf","X:\glosas escaneadas\radicaciones\la previsora s.a\16147\sop\FURIPS_800209891_FECR360754.pdf"
"FURIPS_800209891_FECR360756.pdf","X:\glosas escaneadas\radicaciones\la previsora s.a\16147\sop\FURIPS_800209891_FECR360756.pdf"
"FURIPS_800209891_FECR360758.pdf","X:\glosas escaneadas\radicaciones\la previsora s.a\16147\sop\FURIPS_800209891_FECR360758.pdf"
"FURIPS_800209891_FECR360759.pdf","X:\glosas escaneadas\radicaciones\la previsora s.a\16147\sop\FURIPS_800209891_FECR360759.pdf"
"FURIPS_800209891_FECR360761.pdf","X:\glosas escaneadas\radicaciones\la previsora s.a\16147\sop\FURIPS_800209891_FECR360761.pdf"
"FURIPS_800209891_FECR360786.pdf","X:\glosas escaneadas\radicaciones\la previsora s.a\16147\sop\FURIPS_800209891_FECR360786.pdf"
"FURIPS_800209891_FECR360818.pdf","X:\glosas escaneadas\radicaciones\la previsora s.a\16147\sop\FURIPS_800209891_FECR360818.pdf"
"FURIPS_800209891_FECR360828.pdf","X:\glosas escaneadas\radicaciones\la previsora s.a\16147\sop\FURIPS_800209891_FECR360828.pdf"
"FURIPS_800209891_FECR360850.pdf","X:\glosas escaneadas\radicaciones\la previsora s.a\16147\sop\FURIPS_800209891_FECR360850.pdf"
"FURIPS_800209891_FECR360914.pdf","X:\glosas escaneadas\radicaciones\la previsora s.a\16147\sop\FURIPS_800209891_FECR360914.pdf"
"FURIPS_800209891_FECR360989.pdf","X:\glosas escaneadas\radicaciones\la previsora s.a\16147\sop\FURIPS_800209891_FECR360989.pdf"
"FURIPS_800209891_FECR361038.pdf","X:\glosas escaneadas\radicaciones\la previsora s.a\16147\sop\FURIPS_800209891_FECR361038.pdf"
"FURIPS_800209891_FECR361048.pdf","X:\glosas escaneadas\radicaciones\la previsora s.a\16147\sop\FURIPS_800209891_FECR361048.pdf"
"FURIPS_800209891_FECR361096.pdf","X:\glosas escaneadas\radicaciones\la previsora s.a\16147\sop\FURIPS_800209891_FECR361096.pdf"
"FURIPS_800209891_FECR361136.pdf","X:\glosas escaneadas\radicaciones\la previsora s.a\16147\sop\FURIPS_800209891_FECR361136.pdf"
"FURIPS_800209891_FECR361362.pdf","X:\glosas escaneadas\radicaciones\la previsora s.a\16147\sop\FURIPS_800209891_FECR361362.pdf"
"FURIPS_800209891_FECR361395.pdf","X:\glosas escaneadas\radicaciones\la previsora s.a\16147\sop\FURIPS_800209891_FECR361395.pdf"
"FURIPS_800209891_FECR361412.pdf","X:\glosas escaneadas\radicaciones\la previsora s.a\16147\sop\FURIPS_800209891_FECR361412.pdf"
"FURIPS_800209891_FECR361460.pdf","X:\glosas escaneadas\radicaciones\la previsora s.a\16147\sop\FURIPS_800209891_FECR361460.pdf"
"FURIPS_800209891_FECR361562.pdf","X:\glosas escaneadas\radicaciones\la previsora s.a\16147\sop\FURIPS_800209891_FECR361562.pdf"
"FURIPS_800209891_FECR361605.pdf","X:\glosas escaneadas\radicaciones\la previsora s.a\16147\sop\FURIPS_800209891_FECR361605.pdf"
"FURIPS_800209891_FECR361754.pdf","X:\glosas escaneadas\radicaciones\la previsora s.a\16147\sop\FURIPS_800209891_FECR361754.pdf"
"FURIPS_800209891_FECR361794.pdf","X:\glosas escaneadas\radicaciones\la previsora s.a\16147\sop\FURIPS_800209891_FECR361794.pdf"
"FURIPS_800209891_FECR361814.pdf","X:\glosas escaneadas\radicaciones\la previsora s.a\16147\sop\FURIPS_800209891_FECR361814.pdf"
"FURIPS_800209891_FECR361817.pdf","X:\glosas escaneadas\radicaciones\la previsora s.a\16147\sop\FURIPS_800209891_FECR361817.pdf"
"FURIPS_800209891_FECR361828.pdf","X:\glosas escaneadas\radicaciones\la previsora s.a\16147\sop\FURIPS_800209891_FECR361828.pdf"
"FURIPS_800209891_FECR361835.pdf","X:\glosas escaneadas\radicaciones\la previsora s.a\16147\sop\FURIPS_800209891_FECR361835.pdf"
"FURIPS_800209891_FECR361844.pdf","X:\glosas escaneadas\radicaciones\la previsora s.a\16147\sop\FURIPS_800209891_FECR361844.pdf"
"FURIPS_800209891_FECR361894.pdf","X:\glosas escaneadas\radicaciones\la previsora s.a\16147\sop\FURIPS_800209891_FECR361894.pdf"
"FURIPS_800209891_FECR361918.pdf","X:\glosas escaneadas\radicaciones\la previsora s.a\16147\sop\FURIPS_800209891_FECR361918.pdf"
"FURIPS_800209891_FECR361978.pdf","X:\glosas escaneadas\radicaciones\la previsora s.a\16147\sop\FURIPS_800209891_FECR361978.pdf"
"FURIPS_800209891_FECR361984.pdf","X:\glosas escaneadas\radicaciones\la previsora s.a\16147\sop\FURIPS_800209891_FECR361984.pdf"
"FURIPS_800209891_FECR361988.pdf","X:\glosas escaneadas\radicaciones\la previsora s.a\16147\sop\FURIPS_800209891_FECR361988.pdf"
"FURIPS_800209891_FECR361998.pdf","X:\glosas escaneadas\radicaciones\la previsora s.a\16147\sop\FURIPS_800209891_FECR361998.pdf"
"FURIPS_800209891_FECR362039.pdf","X:\glosas escaneadas\radicaciones\la previsora s.a\16147\sop\FURIPS_800209891_FECR362039.pdf"
"FURIPS_800209891_FECR362056.pdf","X:\glosas escaneadas\radicaciones\la previsora s.a\16147\sop\FURIPS_800209891_FECR362056.pdf"
"FURIPS_800209891_FECR362100.pdf","X:\glosas escaneadas\radicaciones\la previsora s.a\16147\sop\FURIPS_800209891_FECR362100.pdf"
"FURIPS_800209891_FECR362107.pdf","X:\glosas escaneadas\radicaciones\la previsora s.a\16147\sop\FURIPS_800209891_FECR362107.pdf"
"FURIPS_800209891_FECR362129.pdf","X:\glosas escaneadas\radicaciones\la previsora s.a\16147\sop\FURIPS_800209891_FECR362129.pdf"
"FURIPS_800209891_FECR362263.pdf","X:\glosas escaneadas\radicaciones\la previsora s.a\16147\sop\FURIPS_800209891_FECR362263.pdf"
"FURIPS_800209891_FECR362363.pdf","X:\glosas escaneadas\radicaciones\la previsora s.a\16147\sop\FURIPS_800209891_FECR362363.pdf"
"FURIPS_800209891_FECR362368.pdf","X:\glosas escaneadas\radicaciones\la previsora s.a\16147\sop\FURIPS_800209891_FECR362368.pdf"
"FURIPS_800209891_FECR362377.pdf","X:\glosas escaneadas\radicaciones\la previsora s.a\16147\sop\FURIPS_800209891_FECR362377.pdf"
"FURIPS_800209891_FECR362387.pdf","X:\glosas escaneadas\radicaciones\la previsora s.a\16147\sop\FURIPS_800209891_FECR362387.pdf"
"FURIPS_800209891_FECR362394.pdf","X:\glosas escaneadas\radicaciones\la previsora s.a\16147\sop\FURIPS_800209891_FECR362394.pdf"
"FURIPS_800209891_FECR362405.pdf","X:\glosas escaneadas\radicaciones\la previsora s.a\16147\sop\FURIPS_800209891_FECR362405.pdf"
"FURIPS_800209891_FECR362429.pdf","X:\glosas escaneadas\radicaciones\la previsora s.a\16147\sop\FURIPS_800209891_FECR362429.pdf"
"FURIPS_800209891_FECR362476.pdf","X:\glosas escaneadas\radicaciones\la previsora s.a\16147\sop\FURIPS_800209891_FECR362476.pdf"
"FURIPS_800209891_FECR362561.pdf","X:\glosas escaneadas\radicaciones\la previsora s.a\16147\sop\FURIPS_800209891_FECR362561.pdf"
"FURIPS_800209891_FECR362570.pdf","X:\glosas escaneadas\radicaciones\la previsora s.a\16147\sop\FURIPS_800209891_FECR362570.pdf"
"FURIPS_800209891_FECR362656.pdf","X:\glosas escaneadas\radicaciones\la previsora s.a\16147\sop\FURIPS_800209891_FECR362656.pdf"
"FURIPS_800209891_FECR362711.pdf","X:\glosas escaneadas\radicaciones\la previsora s.a\16147\sop\FURIPS_800209891_FECR362711.pdf"
"FURIPS_800209891_FECR362880.pdf","X:\glosas escaneadas\radicaciones\la previsora s.a\16147\sop\FURIPS_800209891_FECR362880.pdf"
"FURIPS_800209891_FECR362891.pdf","X:\glosas escaneadas\radicaciones\la previsora s.a\16147\sop\FURIPS_800209891_FECR362891.pdf"
"FURIPS_800209891_FECR363040.pdf","X:\glosas escaneadas\radicaciones\la previsora s.a\16147\sop\FURIPS_800209891_FECR363040.pdf"
"FURIPS_800209891_FECR363252.pdf","X:\glosas escaneadas\radicaciones\la previsora s.a\16147\sop\FURIPS_800209891_FECR363252.pdf"
"FURIPS_800209891_FECR363417.pdf","X:\glosas escaneadas\radicaciones\la previsora s.a\16147\sop\FURIPS_800209891_FECR363417.pdf"
"FURIPS_800209891_FECR363428.pdf","X:\glosas escaneadas\radicaciones\la previsora s.a\16147\sop\FURIPS_800209891_FECR363428.pdf"
"FURIPS_800209891_FECR363518.pdf","X:\glosas escaneadas\radicaciones\la previsora s.a\16147\sop\FURIPS_800209891_FECR363518.pdf"
"FURIPS_800209891_FECR363584.pdf","X:\glosas escaneadas\radicaciones\la previsora s.a\16147\sop\FURIPS_800209891_FECR363584.pdf"
"FURIPS_800209891_FECR363808.pdf","X:\glosas escaneadas\radicaciones\la previsora s.a\16147\sop\FURIPS_800209891_FECR363808.pdf"
"FURIPS_800209891_FECR363832.pdf","X:\glosas escaneadas\radicaciones\la previsora s.a\16147\sop\FURIPS_800209891_FECR363832.pdf"
"FURIPS_800209891_FECR364157.pdf","X:\glosas escaneadas\radicaciones\la previsora s.a\16147\sop\FURIPS_800209891_FECR364157.pdf"
"FURIPS_800209891_FECR364240.pdf","X:\glosas escaneadas\radicaciones\la previsora s.a\16147\sop\FURIPS_800209891_FECR364240.pdf"
"FURIPS_800209891_FECR364416.pdf","X:\glosas escaneadas\radicaciones\la previsora s.a\16147\sop\FURIPS_800209891_FECR364416.pdf"
"FURIPS_800209891_FECR364421.pdf","X:\glosas escaneadas\radicaciones\la previsora s.a\16147\sop\FURIPS_800209891_FECR364421.pdf"
"FURIPS_800209891_FECR364455.pdf","X:\glosas escaneadas\radicaciones\la previsora s.a\16147\sop\FURIPS_800209891_FECR364455.pdf"
"FURIPS_800209891_FECR364465.pdf","X:\glosas escaneadas\radicaciones\la previsora s.a\16147\sop\FURIPS_800209891_FECR364465.pdf"
"FURIPS_800209891_FECR364481.pdf","X:\glosas escaneadas\radicaciones\la previsora s.a\16147\sop\FURIPS_800209891_FECR364481.pdf"
"FURIPS_800209891_FECR364507.pdf","X:\glosas escaneadas\radicaciones\la previsora s.a\16147\sop\FURIPS_800209891_FECR364507.pdf"
"FURIPS_800209891_FECR364524.pdf","X:\glosas escaneadas\radicaciones\la previsora s.a\16147\sop\FURIPS_800209891_FECR364524.pdf"
"FURIPS_800209891_FECR364658.pdf","X:\glosas escaneadas\radicaciones\la previsora s.a\16147\sop\FURIPS_800209891_FECR364658.pdf"
"FURIPS_800209891_FECR364675.pdf","X:\glosas escaneadas\radicaciones\la previsora s.a\16147\sop\FURIPS_800209891_FECR364675.pdf"
"FURIPS_800209891_FECR364720.pdf","X:\glosas escaneadas\radicaciones\la previsora s.a\16147\sop\FURIPS_800209891_FECR364720.pdf"
"FURIPS_800209891_FECR364723.pdf","X:\glosas escaneadas\radicaciones\la previsora s.a\16147\sop\FURIPS_800209891_FECR364723.pdf"
"FURIPS_800209891_FECR364736.pdf","X:\glosas escaneadas\radicaciones\la previsora s.a\16147\sop\FURIPS_800209891_FECR364736.pdf"
"FURIPS_800209891_FECR364739.pdf","X:\glosas escaneadas\radicaciones\la previsora s.a\16147\sop\FURIPS_800209891_FECR364739.pdf"
"FURIPS_800209891_FECR364847.pdf","X:\glosas escaneadas\radicaciones\la previsora s.a\16147\sop\FURIPS_800209891_FECR364847.pdf"
"FURIPS_800209891_FECR364867.pdf","X:\glosas escaneadas\radicaciones\la previsora s.a\16147\sop\FURIPS_800209891_FECR364867.pdf"
"FURIPS_800209891_FECR364868.pdf","X:\glosas escaneadas\radicaciones\la previsora s.a\16147\sop\FURIPS_800209891_FECR364868.pdf"
"FURIPS_800209891_FECR364870.pdf","X:\glosas escaneadas\radicaciones\la previsora s.a\16147\sop\FURIPS_800209891_FECR364870.pdf"
"FURIPS_800209891_FECR364882.pdf","X:\glosas escaneadas\radicaciones\la previsora s.a\16147\sop\FURIPS_800209891_FECR364882.pdf"
"FURIPS_800209891_FECR364892.pdf","X:\glosas escaneadas\radicaciones\la previsora s.a\16147\sop\FURIPS_800209891_FECR364892.pdf"
"FURIPS_800209891_FECR364940.pdf","X:\glosas escaneadas\radicaciones\la previsora s.a\16147\sop\FURIPS_800209891_FECR364940.pdf"
"FURIPS_800209891_FECR364950.pdf","X:\glosas escaneadas\radicaciones\la previsora s.a\16147\sop\FURIPS_800209891_FECR364950.pdf"
"FURIPS_800209891_FECR364954.pdf","X:\glosas escaneadas\radicaciones\la previsora s.a\16147\sop\FURIPS_800209891_FECR364954.pdf"
"FURIPS_800209891_FECR364955.pdf","X:\glosas escaneadas\radicaciones\la previsora s.a\16147\sop\FURIPS_800209891_FECR364955.pdf"
"FURIPS_800209891_FECR365017.pdf","X:\glosas escaneadas\radicaciones\la previsora s.a\16147\sop\FURIPS_800209891_FECR365017.pdf"
"FURIPS_800209891_FECR365025.pdf","X:\glosas escaneadas\radicaciones\la previsora s.a\16147\sop\FURIPS_800209891_FECR365025.pdf"
"FURIPS_800209891_FECR365056.pdf","X:\glosas escaneadas\radicaciones\la previsora s.a\16147\sop\FURIPS_800209891_FECR365056.pdf"
"FURIPS_800209891_FECR365103.pdf","X:\glosas escaneadas\radicaciones\la previsora s.a\16147\sop\FURIPS_800209891_FECR365103.pdf"
"FURIPS_800209891_FECR365113.pdf","X:\glosas escaneadas\radicaciones\la previsora s.a\16147\sop\FURIPS_800209891_FECR365113.pdf"
"FURIPS_800209891_FECR365125.pdf","X:\glosas escaneadas\radicaciones\la previsora s.a\16147\sop\FURIPS_800209891_FECR365125.pdf"
"FURIPS_800209891_FERR2737.pdf","X:\glosas escaneadas\radicaciones\la previsora s.a\16147\sop\FURIPS_800209891_FERR2737.pdf"
"PDX_800209891_COEX14435.pdf","X:\glosas escaneadas\radicaciones\la previsora s.a\16147\sop\PDX_800209891_COEX14435.pdf"
"PDX_800209891_COEX15118.pdf","X:\glosas escaneadas\radicaciones\la previsora s.a\16147\sop\PDX_800209891_COEX15118.pdf"
"PDX_800209891_COEX25912.pdf","X:\glosas escaneadas\radicaciones\la previsora s.a\16147\sop\PDX_800209891_COEX25912.pdf"
"PDX_800209891_COEX26562.pdf","X:\glosas escaneadas\radicaciones\la previsora s.a\16147\sop\PDX_800209891_COEX26562.pdf"
"PDX_800209891_COEX33960.pdf","X:\glosas escaneadas\radicaciones\la previsora s.a\16147\sop\PDX_800209891_COEX33960.pdf"
"PDX_800209891_COEX33965.pdf","X:\glosas escaneadas\radicaciones\la previsora s.a\16147\sop\PDX_800209891_COEX33965.pdf"
"PDX_800209891_COEX34002.pdf","X:\glosas escaneadas\radicaciones\la previsora s.a\16147\sop\PDX_800209891_COEX34002.pdf"
"PDX_800209891_COEX34011.pdf","X:\glosas escaneadas\radicaciones\la previsora s.a\16147\sop\PDX_800209891_COEX34011.pdf"
"PDX_800209891_COEX34054.pdf","X:\glosas escaneadas\radicaciones\la previsora s.a\16147\sop\PDX_800209891_COEX34054.pdf"
"PDX_800209891_COEX34538.pdf","X:\glosas escaneadas\radicaciones\la previsora s.a\16147\sop\PDX_800209891_COEX34538.pdf"
"PDX_800209891_COEX36728.pdf","X:\glosas escaneadas\radicaciones\la previsora s.a\16147\sop\PDX_800209891_COEX36728.pdf"
"PDX_800209891_COEX37010.pdf","X:\glosas escaneadas\radicaciones\la previsora s.a\16147\sop\PDX_800209891_COEX37010.pdf"
"PDX_800209891_COEX37052.pdf","X:\glosas escaneadas\radicaciones\la previsora s.a\16147\sop\PDX_800209891_COEX37052.pdf"
"PDX_800209891_COEX37087.pdf","X:\glosas escaneadas\radicaciones\la previsora s.a\16147\sop\PDX_800209891_COEX37087.pdf"
"PDX_800209891_COEX37088.pdf","X:\glosas escaneadas\radicaciones\la previsora s.a\16147\sop\PDX_800209891_COEX37088.pdf"
"PDX_800209891_COEX37089.pdf","X:\glosas escaneadas\radicaciones\la previsora s.a\16147\sop\PDX_800209891_COEX37089.pdf"
"PDX_800209891_COEX37097.pdf","X:\glosas escaneadas\radicaciones\la previsora s.a\16147\sop\PDX_800209891_COEX37097.pdf"
"PDX_800209891_COEX37100.pdf","X:\glosas escaneadas\radicaciones\la previsora s.a\16147\sop\PDX_800209891_COEX37100.pdf"
"PDX_800209891_COEX37101.pdf","X:\glosas escaneadas\radicaciones\la previsora s.a\16147\sop\PDX_800209891_COEX37101.pdf"
"PDX_800209891_COEX37102.pdf","X:\glosas escaneadas\radicaciones\la previsora s.a\16147\sop\PDX_800209891_COEX37102.pdf"
"PDX_800209891_COEX37151.pdf","X:\glosas escaneadas\radicaciones\la previsora s.a\16147\sop\PDX_800209891_COEX37151.pdf"
"PDX_800209891_COEX37181.pdf","X:\glosas escaneadas\radicaciones\la previsora s.a\16147\sop\PDX_800209891_COEX37181.pdf"
"PDX_800209891_COEX37183.pdf","X:\glosas escaneadas\radicaciones\la previsora s.a\16147\sop\PDX_800209891_COEX37183.pdf"
"PDX_800209891_COEX37416.pdf","X:\glosas escaneadas\radicaciones\la previsora s.a\16147\sop\PDX_800209891_COEX37416.pdf"
"PDX_800209891_COEX37424.pdf","X:\glosas escaneadas\radicaciones\la previsora s.a\16147\sop\PDX_800209891_COEX37424.pdf"
"PDX_800209891_COEX37523.pdf","X:\glosas escaneadas\radicaciones\la previsora s.a\16147\sop\PDX_800209891_COEX37523.pdf"
"PDX_800209891_COEX37524.pdf","X:\glosas escaneadas\radicaciones\la previsora s.a\16147\sop\PDX_800209891_COEX37524.pdf"
"PDX_800209891_COEX37527.pdf","X:\glosas escaneadas\radicaciones\la previsora s.a\16147\sop\PDX_800209891_COEX37527.pdf"
"PDX_800209891_COEX37545.pdf","X:\glosas escaneadas\radicaciones\la previsora s.a\16147\sop\PDX_800209891_COEX37545.pdf"
"PDX_800209891_COEX37662.pdf","X:\glosas escaneadas\radicaciones\la previsora s.a\16147\sop\PDX_800209891_COEX37662.pdf"
"PDX_800209891_COEX37693.pdf","X:\glosas escaneadas\radicaciones\la previsora s.a\16147\sop\PDX_800209891_COEX37693.pdf"
"PDX_800209891_COEX37884.pdf","X:\glosas escaneadas\radicaciones\la previsora s.a\16147\sop\PDX_800209891_COEX37884.pdf"
"PDX_800209891_COEX38045.pdf","X:\glosas escaneadas\radicaciones\la previsora s.a\16147\sop\PDX_800209891_COEX38045.pdf"
"PDX_800209891_COEX38144.pdf","X:\glosas escaneadas\radicaciones\la previsora s.a\16147\sop\PDX_800209891_COEX38144.pdf"
"PDX_800209891_COEX38155.pdf","X:\glosas escaneadas\radicaciones\la previsora s.a\16147\sop\PDX_800209891_COEX38155.pdf"
"PDX_800209891_COEX38171.pdf","X:\glosas escaneadas\radicaciones\la previsora s.a\16147\sop\PDX_800209891_COEX38171.pdf"
"PDX_800209891_COEX38195.pdf","X:\glosas escaneadas\radicaciones\la previsora s.a\16147\sop\PDX_800209891_COEX38195.pdf"
"PDX_800209891_COEX38207.pdf","X:\glosas escaneadas\radicaciones\la previsora s.a\16147\sop\PDX_800209891_COEX38207.pdf"
"PDX_800209891_COEX38229.pdf","X:\glosas escaneadas\radicaciones\la previsora s.a\16147\sop\PDX_800209891_COEX38229.pdf"
"PDX_800209891_COEX38233.pdf","X:\glosas escaneadas\radicaciones\la previsora s.a\16147\sop\PDX_800209891_COEX38233.pdf"
"PDX_800209891_COEX38777.pdf","X:\glosas escaneadas\radicaciones\la previsora s.a\16147\sop\PDX_800209891_COEX38777.pdf"
"PDX_800209891_COEX39518.pdf","X:\glosas escaneadas\radicaciones\la previsora s.a\16147\sop\PDX_800209891_COEX39518.pdf"
"PDX_800209891_COEX39529.pdf","X:\glosas escaneadas\radicaciones\la previsora s.a\16147\sop\PDX_800209891_COEX39529.pdf"
"PDX_800209891_FECR253132.pdf","X:\glosas escaneadas\radicaciones\la previsora s.a\16147\sop\PDX_800209891_FECR253132.pdf"
"PDX_800209891_FECR275641.pdf","X:\glosas escaneadas\radicaciones\la previsora s.a\16147\sop\PDX_800209891_FECR275641.pdf"
"PDX_800209891_FECR311413.pdf","X:\glosas escaneadas\radicaciones\la previsora s.a\16147\sop\PDX_800209891_FECR311413.pdf"
"PDX_800209891_FECR319741.pdf","X:\glosas escaneadas\radicaciones\la previsora s.a\16147\sop\PDX_800209891_FECR319741.pdf"
"PDX_800209891_FECR320643.pdf","X:\glosas escaneadas\radicaciones\la previsora s.a\16147\sop\PDX_800209891_FECR320643.pdf"
"PDX_800209891_FECR321473.pdf","X:\glosas escaneadas\radicaciones\la previsora s.a\16147\sop\PDX_800209891_FECR321473.pdf"
"PDX_800209891_FECR321481.pdf","X:\glosas escaneadas\radicaciones\la previsora s.a\16147\sop\PDX_800209891_FECR321481.pdf"
"PDX_800209891_FECR333334.pdf","X:\glosas escaneadas\radicaciones\la previsora s.a\16147\sop\PDX_800209891_FECR333334.pdf"
"PDX_800209891_FECR348627.pdf","X:\glosas escaneadas\radicaciones\la previsora s.a\16147\sop\PDX_800209891_FECR348627.pdf"
"PDX_800209891_FECR349722.pdf","X:\glosas escaneadas\radicaciones\la previsora s.a\16147\sop\PDX_800209891_FECR349722.pdf"
"PDX_800209891_FECR350059.pdf","X:\glosas escaneadas\radicaciones\la previsora s.a\16147\sop\PDX_800209891_FECR350059.pdf"
"PDX_800209891_FECR351330.pdf","X:\glosas escaneadas\radicaciones\la previsora s.a\16147\sop\PDX_800209891_FECR351330.pdf"
"PDX_800209891_FECR352712.pdf","X:\glosas escaneadas\radicaciones\la previsora s.a\16147\sop\PDX_800209891_FECR352712.pdf"
"PDX_800209891_FECR353829.pdf","X:\glosas escaneadas\radicaciones\la previsora s.a\16147\sop\PDX_800209891_FECR353829.pdf"
"PDX_800209891_FECR353852.pdf","X:\glosas escaneadas\radicaciones\la previsora s.a\16147\sop\PDX_800209891_FECR353852.pdf"
"PDX_800209891_FECR353854.pdf","X:\glosas escaneadas\radicaciones\la previsora s.a\16147\sop\PDX_800209891_FECR353854.pdf"
"PDX_800209891_FECR353883.pdf","X:\glosas escaneadas\radicaciones\la previsora s.a\16147\sop\PDX_800209891_FECR353883.pdf"
"PDX_800209891_FECR353898.pdf","X:\glosas escaneadas\radicaciones\la previsora s.a\16147\sop\PDX_800209891_FECR353898.pdf"
"PDX_800209891_FECR353904.pdf","X:\glosas escaneadas\radicaciones\la previsora s.a\16147\sop\PDX_800209891_FECR353904.pdf"
"PDX_800209891_FECR353928.pdf","X:\glosas escaneadas\radicaciones\la previsora s.a\16147\sop\PDX_800209891_FECR353928.pdf"
"PDX_800209891_FECR353933.pdf","X:\glosas escaneadas\radicaciones\la previsora s.a\16147\sop\PDX_800209891_FECR353933.pdf"
"PDX_800209891_FECR353935.pdf","X:\glosas escaneadas\radicaciones\la previsora s.a\16147\sop\PDX_800209891_FECR353935.pdf"
"PDX_800209891_FECR353947.pdf","X:\glosas escaneadas\radicaciones\la previsora s.a\16147\sop\PDX_800209891_FECR353947.pdf"
"PDX_800209891_FECR353956.pdf","X:\glosas escaneadas\radicaciones\la previsora s.a\16147\sop\PDX_800209891_FECR353956.pdf"
"PDX_800209891_FECR354008.pdf","X:\glosas escaneadas\radicaciones\la previsora s.a\16147\sop\PDX_800209891_FECR354008.pdf"
"PDX_800209891_FECR354018.pdf","X:\glosas escaneadas\radicaciones\la previsora s.a\16147\sop\PDX_800209891_FECR354018.pdf"
"PDX_800209891_FECR354033.pdf","X:\glosas escaneadas\radicaciones\la previsora s.a\16147\sop\PDX_800209891_FECR354033.pdf"
"PDX_800209891_FECR354059.pdf","X:\glosas escaneadas\radicaciones\la previsora s.a\16147\sop\PDX_800209891_FECR354059.pdf"
"PDX_800209891_FECR354090.pdf","X:\glosas escaneadas\radicaciones\la previsora s.a\16147\sop\PDX_800209891_FECR354090.pdf"
"PDX_800209891_FECR354111.pdf","X:\glosas escaneadas\radicaciones\la previsora s.a\16147\sop\PDX_800209891_FECR354111.pdf"
"PDX_800209891_FECR354126.pdf","X:\glosas escaneadas\radicaciones\la previsora s.a\16147\sop\PDX_800209891_FECR354126.pdf"
"PDX_800209891_FECR354306.pdf","X:\glosas escaneadas\radicaciones\la previsora s.a\16147\sop\PDX_800209891_FECR354306.pdf"
"PDX_800209891_FECR354413.pdf","X:\glosas escaneadas\radicaciones\la previsora s.a\16147\sop\PDX_800209891_FECR354413.pdf"
"PDX_800209891_FECR354422.pdf","X:\glosas escaneadas\radicaciones\la previsora s.a\16147\sop\PDX_800209891_FECR354422.pdf"
"PDX_800209891_FECR354494.pdf","X:\glosas escaneadas\radicaciones\la previsora s.a\16147\sop\PDX_800209891_FECR354494.pdf"
"PDX_800209891_FECR354540.pdf","X:\glosas escaneadas\radicaciones\la previsora s.a\16147\sop\PDX_800209891_FECR354540.pdf"
"PDX_800209891_FECR354590.pdf","X:\glosas escaneadas\radicaciones\la previsora s.a\16147\sop\PDX_800209891_FECR354590.pdf"
"PDX_800209891_FECR354591.pdf","X:\glosas escaneadas\radicaciones\la previsora s.a\16147\sop\PDX_800209891_FECR354591.pdf"
"PDX_800209891_FECR354631.pdf","X:\glosas escaneadas\radicaciones\la previsora s.a\16147\sop\PDX_800209891_FECR354631.pdf"
"PDX_800209891_FECR354635.pdf","X:\glosas escaneadas\radicaciones\la previsora s.a\16147\sop\PDX_800209891_FECR354635.pdf"
"PDX_800209891_FECR354639.pdf","X:\glosas escaneadas\radicaciones\la previsora s.a\16147\sop\PDX_800209891_FECR354639.pdf"
"PDX_800209891_FECR354794.pdf","X:\glosas escaneadas\radicaciones\la previsora s.a\16147\sop\PDX_800209891_FECR354794.pdf"
"PDX_800209891_FECR355096.pdf","X:\glosas escaneadas\radicaciones\la previsora s.a\16147\sop\PDX_800209891_FECR355096.pdf"
"PDX_800209891_FECR355114.pdf","X:\glosas escaneadas\radicaciones\la previsora s.a\16147\sop\PDX_800209891_FECR355114.pdf"
"PDX_800209891_FECR355121.pdf","X:\glosas escaneadas\radicaciones\la previsora s.a\16147\sop\PDX_800209891_FECR355121.pdf"
"PDX_800209891_FECR355163.pdf","X:\glosas escaneadas\radicaciones\la previsora s.a\16147\sop\PDX_800209891_FECR355163.pdf"
"PDX_800209891_FECR355230.pdf","X:\glosas escaneadas\radicaciones\la previsora s.a\16147\sop\PDX_800209891_FECR355230.pdf"
"PDX_800209891_FECR355416.pdf","X:\glosas escaneadas\radicaciones\la previsora s.a\16147\sop\PDX_800209891_FECR355416.pdf"
"PDX_800209891_FECR355486.pdf","X:\glosas escaneadas\radicaciones\la previsora s.a\16147\sop\PDX_800209891_FECR355486.pdf"
"PDX_800209891_FECR355659.pdf","X:\glosas escaneadas\radicaciones\la previsora s.a\16147\sop\PDX_800209891_FECR355659.pdf"
"PDX_800209891_FECR355731.pdf","X:\glosas escaneadas\radicaciones\la previsora s.a\16147\sop\PDX_800209891_FECR355731.pdf"
"PDX_800209891_FECR355751.pdf","X:\glosas escaneadas\radicaciones\la previsora s.a\16147\sop\PDX_800209891_FECR355751.pdf"
"PDX_800209891_FECR356053.pdf","X:\glosas escaneadas\radicaciones\la previsora s.a\16147\sop\PDX_800209891_FECR356053.pdf"
"PDX_800209891_FECR356154.pdf","X:\glosas escaneadas\radicaciones\la previsora s.a\16147\sop\PDX_800209891_FECR356154.pdf"
"PDX_800209891_FECR356708.pdf","X:\glosas escaneadas\radicaciones\la previsora s.a\16147\sop\PDX_800209891_FECR356708.pdf"
"PDX_800209891_FECR356723.pdf","X:\glosas escaneadas\radicaciones\la previsora s.a\16147\sop\PDX_800209891_FECR356723.pdf"
"PDX_800209891_FECR356801.pdf","X:\glosas escaneadas\radicaciones\la previsora s.a\16147\sop\PDX_800209891_FECR356801.pdf"
"PDX_800209891_FECR356873.pdf","X:\glosas escaneadas\radicaciones\la previsora s.a\16147\sop\PDX_800209891_FECR356873.pdf"
"PDX_800209891_FECR356887.pdf","X:\glosas escaneadas\radicaciones\la previsora s.a\16147\sop\PDX_800209891_FECR356887.pdf"
"PDX_800209891_FECR357192.pdf","X:\glosas escaneadas\radicaciones\la previsora s.a\16147\sop\PDX_800209891_FECR357192.pdf"
"PDX_800209891_FECR357351.pdf","X:\glosas escaneadas\radicaciones\la previsora s.a\16147\sop\PDX_800209891_FECR357351.pdf"
"PDX_800209891_FECR357457.pdf","X:\glosas escaneadas\radicaciones\la previsora s.a\16147\sop\PDX_800209891_FECR357457.pdf"
"PDX_800209891_FECR357940.pdf","X:\glosas escaneadas\radicaciones\la previsora s.a\16147\sop\PDX_800209891_FECR357940.pdf"
"PDX_800209891_FECR357960.pdf","X:\glosas escaneadas\radicaciones\la previsora s.a\16147\sop\PDX_800209891_FECR357960.pdf"
"PDX_800209891_FECR357965.pdf","X:\glosas escaneadas\radicaciones\la previsora s.a\16147\sop\PDX_800209891_FECR357965.pdf"
"PDX_800209891_FECR358071.pdf","X:\glosas escaneadas\radicaciones\la previsora s.a\16147\sop\PDX_800209891_FECR358071.pdf"
"PDX_800209891_FECR358115.pdf","X:\glosas escaneadas\radicaciones\la previsora s.a\16147\sop\PDX_800209891_FECR358115.pdf"
"PDX_800209891_FECR358141.pdf","X:\glosas escaneadas\radicaciones\la previsora s.a\16147\sop\PDX_800209891_FECR358141.pdf"
"PDX_800209891_FECR358287.pdf","X:\glosas escaneadas\radicaciones\la previsora s.a\16147\sop\PDX_800209891_FECR358287.pdf"
"PDX_800209891_FECR358379.pdf","X:\glosas escaneadas\radicaciones\la previsora s.a\16147\sop\PDX_800209891_FECR358379.pdf"
"PDX_800209891_FECR358999.pdf","X:\glosas escaneadas\radicaciones\la previsora s.a\16147\sop\PDX_800209891_FECR358999.pdf"
"PDX_800209891_FECR359004.pdf","X:\glosas escaneadas\radicaciones\la previsora s.a\16147\sop\PDX_800209891_FECR359004.pdf"
"PDX_800209891_FECR359529.pdf","X:\glosas escaneadas\radicaciones\la previsora s.a\16147\sop\PDX_800209891_FECR359529.pdf"
"PDX_800209891_FECR359556.pdf","X:\glosas escaneadas\radicaciones\la previsora s.a\16147\sop\PDX_800209891_FECR359556.pdf"
"PDX_800209891_FECR359584.pdf","X:\glosas escaneadas\radicaciones\la previsora s.a\16147\sop\PDX_800209891_FECR359584.pdf"
"PDX_800209891_FECR359598.pdf","X:\glosas escaneadas\radicaciones\la previsora s.a\16147\sop\PDX_800209891_FECR359598.pdf"
"PDX_800209891_FECR359614.pdf","X:\glosas escaneadas\radicaciones\la previsora s.a\16147\sop\PDX_800209891_FECR359614.pdf"
"PDX_800209891_FECR359665.pdf","X:\glosas escaneadas\radicaciones\la previsora s.a\16147\sop\PDX_800209891_FECR359665.pdf"
"PDX_800209891_FECR359767.pdf","X:\glosas escaneadas\radicaciones\la previsora s.a\16147\sop\PDX_800209891_FECR359767.pdf"
"PDX_800209891_FECR359796.pdf","X:\glosas escaneadas\radicaciones\la previsora s.a\16147\sop\PDX_800209891_FECR359796.pdf"
"PDX_800209891_FECR359804.pdf","X:\glosas escaneadas\radicaciones\la previsora s.a\16147\sop\PDX_800209891_FECR359804.pdf"
"PDX_800209891_FECR359873.pdf","X:\glosas escaneadas\radicaciones\la previsora s.a\16147\sop\PDX_800209891_FECR359873.pdf"
"PDX_800209891_FECR360113.pdf","X:\glosas escaneadas\radicaciones\la previsora s.a\16147\sop\PDX_800209891_FECR360113.pdf"
"PDX_800209891_FECR360116.pdf","X:\glosas escaneadas\radicaciones\la previsora s.a\16147\sop\PDX_800209891_FECR360116.pdf"
"PDX_800209891_FECR360123.pdf","X:\glosas escaneadas\radicaciones\la previsora s.a\16147\sop\PDX_800209891_FECR360123.pdf"
"PDX_800209891_FECR360185.pdf","X:\glosas escaneadas\radicaciones\la previsora s.a\16147\sop\PDX_800209891_FECR360185.pdf"
"PDX_800209891_FECR360253.pdf","X:\glosas escaneadas\radicaciones\la previsora s.a\16147\sop\PDX_800209891_FECR360253.pdf"
"PDX_800209891_FECR360318.pdf","X:\glosas escaneadas\radicaciones\la previsora s.a\16147\sop\PDX_800209891_FECR360318.pdf"
"PDX_800209891_FECR360361.pdf","X:\glosas escaneadas\radicaciones\la previsora s.a\16147\sop\PDX_800209891_FECR360361.pdf"
"PDX_800209891_FECR360441.pdf","X:\glosas escaneadas\radicaciones\la previsora s.a\16147\sop\PDX_800209891_FECR360441.pdf"
"PDX_800209891_FECR360464.pdf","X:\glosas escaneadas\radicaciones\la previsora s.a\16147\sop\PDX_800209891_FECR360464.pdf"
"PDX_800209891_FECR360515.pdf","X:\glosas escaneadas\radicaciones\la previsora s.a\16147\sop\PDX_800209891_FECR360515.pdf"
"PDX_800209891_FECR360542.pdf","X:\glosas escaneadas\radicaciones\la previsora s.a\16147\sop\PDX_800209891_FECR360542.pdf"
"PDX_800209891_FECR360546.pdf","X:\glosas escaneadas\radicaciones\la previsora s.a\16147\sop\PDX_800209891_FECR360546.pdf"
"PDX_800209891_FECR360548.pdf","X:\glosas escaneadas\radicaciones\la previsora s.a\16147\sop\PDX_800209891_FECR360548.pdf"
"PDX_800209891_FECR360557.pdf","X:\glosas escaneadas\radicaciones\la previsora s.a\16147\sop\PDX_800209891_FECR360557.pdf"
"PDX_800209891_FECR360634.pdf","X:\glosas escaneadas\radicaciones\la previsora s.a\16147\sop\PDX_800209891_FECR360634.pdf"
"PDX_800209891_FECR360643.pdf","X:\glosas escaneadas\radicaciones\la previsora s.a\16147\sop\PDX_800209891_FECR360643.pdf"
"PDX_800209891_FECR360671.pdf","X:\glosas escaneadas\radicaciones\la previsora s.a\16147\sop\PDX_800209891_FECR360671.pdf"
"PDX_800209891_FECR360699.pdf","X:\glosas escaneadas\radicaciones\la previsora s.a\16147\sop\PDX_800209891_FECR360699.pdf"
"PDX_800209891_FECR360754.pdf","X:\glosas escaneadas\radicaciones\la previsora s.a\16147\sop\PDX_800209891_FECR360754.pdf"
"PDX_800209891_FECR360756.pdf","X:\glosas escaneadas\radicaciones\la previsora s.a\16147\sop\PDX_800209891_FECR360756.pdf"
"PDX_800209891_FECR360758.pdf","X:\glosas escaneadas\radicaciones\la previsora s.a\16147\sop\PDX_800209891_FECR360758.pdf"
"PDX_800209891_FECR360759.pdf","X:\glosas escaneadas\radicaciones\la previsora s.a\16147\sop\PDX_800209891_FECR360759.pdf"
"PDX_800209891_FECR360761.pdf","X:\glosas escaneadas\radicaciones\la previsora s.a\16147\sop\PDX_800209891_FECR360761.pdf"
"PDX_800209891_FECR360786.pdf","X:\glosas escaneadas\radicaciones\la previsora s.a\16147\sop\PDX_800209891_FECR360786.pdf"
"PDX_800209891_FECR360818.pdf","X:\glosas escaneadas\radicaciones\la previsora s.a\16147\sop\PDX_800209891_FECR360818.pdf"
"PDX_800209891_FECR360828.pdf","X:\glosas escaneadas\radicaciones\la previsora s.a\16147\sop\PDX_800209891_FECR360828.pdf"
"PDX_800209891_FECR360850.pdf","X:\glosas escaneadas\radicaciones\la previsora s.a\16147\sop\PDX_800209891_FECR360850.pdf"
"PDX_800209891_FECR360914.pdf","X:\glosas escaneadas\radicaciones\la previsora s.a\16147\sop\PDX_800209891_FECR360914.pdf"
"PDX_800209891_FECR360989.pdf","X:\glosas escaneadas\radicaciones\la previsora s.a\16147\sop\PDX_800209891_FECR360989.pdf"
"PDX_800209891_FECR361038.pdf","X:\glosas escaneadas\radicaciones\la previsora s.a\16147\sop\PDX_800209891_FECR361038.pdf"
"PDX_800209891_FECR361048.pdf","X:\glosas escaneadas\radicaciones\la previsora s.a\16147\sop\PDX_800209891_FECR361048.pdf"
"PDX_800209891_FECR361096.pdf","X:\glosas escaneadas\radicaciones\la previsora s.a\16147\sop\PDX_800209891_FECR361096.pdf"
"PDX_800209891_FECR361136.pdf","X:\glosas escaneadas\radicaciones\la previsora s.a\16147\sop\PDX_800209891_FECR361136.pdf"
"PDX_800209891_FECR361362.pdf","X:\glosas escaneadas\radicaciones\la previsora s.a\16147\sop\PDX_800209891_FECR361362.pdf"
"PDX_800209891_FECR361395.pdf","X:\glosas escaneadas\radicaciones\la previsora s.a\16147\sop\PDX_800209891_FECR361395.pdf"
"PDX_800209891_FECR361412.pdf","X:\glosas escaneadas\radicaciones\la previsora s.a\16147\sop\PDX_800209891_FECR361412.pdf"
"PDX_800209891_FECR361460.pdf","X:\glosas escaneadas\radicaciones\la previsora s.a\16147\sop\PDX_800209891_FECR361460.pdf"
"PDX_800209891_FECR361562.pdf","X:\glosas escaneadas\radicaciones\la previsora s.a\16147\sop\PDX_800209891_FECR361562.pdf"
"PDX_800209891_FECR361605.pdf","X:\glosas escaneadas\radicaciones\la previsora s.a\16147\sop\PDX_800209891_FECR361605.pdf"
"PDX_800209891_FECR361754.pdf","X:\glosas escaneadas\radicaciones\la previsora s.a\16147\sop\PDX_800209891_FECR361754.pdf"
"PDX_800209891_FECR361794.pdf","X:\glosas escaneadas\radicaciones\la previsora s.a\16147\sop\PDX_800209891_FECR361794.pdf"
"PDX_800209891_FECR361814.pdf","X:\glosas escaneadas\radicaciones\la previsora s.a\16147\sop\PDX_800209891_FECR361814.pdf"
"PDX_800209891_FECR361817.pdf","X:\glosas escaneadas\radicaciones\la previsora s.a\16147\sop\PDX_800209891_FECR361817.pdf"
"PDX_800209891_FECR361828.pdf","X:\glosas escaneadas\radicaciones\la previsora s.a\16147\sop\PDX_800209891_FECR361828.pdf"
"PDX_800209891_FECR361835.pdf","X:\glosas escaneadas\radicaciones\la previsora s.a\16147\sop\PDX_800209891_FECR361835.pdf"
"PDX_800209891_FECR361844.pdf","X:\glosas escaneadas\radicaciones\la previsora s.a\16147\sop\PDX_800209891_FECR361844.pdf"
"PDX_800209891_FECR361894.pdf","X:\glosas escaneadas\radicaciones\la previsora s.a\16147\sop\PDX_800209891_FECR361894.pdf"
"PDX_800209891_FECR361918.pdf","X:\glosas escaneadas\radicaciones\la previsora s.a\16147\sop\PDX_800209891_FECR361918.pdf"
"PDX_800209891_FECR361978.pdf","X:\glosas escaneadas\radicaciones\la previsora s.a\16147\sop\PDX_800209891_FECR361978.pdf"
"PDX_800209891_FECR361984.pdf","X:\glosas escaneadas\radicaciones\la previsora s.a\16147\sop\PDX_800209891_FECR361984.pdf"
"PDX_800209891_FECR361988.pdf","X:\glosas escaneadas\radicaciones\la previsora s.a\16147\sop\PDX_800209891_FECR361988.pdf"
"PDX_800209891_FECR361998.pdf","X:\glosas escaneadas\radicaciones\la previsora s.a\16147\sop\PDX_800209891_FECR361998.pdf"
"PDX_800209891_FECR362039.pdf","X:\glosas escaneadas\radicaciones\la previsora s.a\16147\sop\PDX_800209891_FECR362039.pdf"
"PDX_800209891_FECR362056.pdf","X:\glosas escaneadas\radicaciones\la previsora s.a\16147\sop\PDX_800209891_FECR362056.pdf"
"PDX_800209891_FECR362100.pdf","X:\glosas escaneadas\radicaciones\la previsora s.a\16147\sop\PDX_800209891_FECR362100.pdf"
"PDX_800209891_FECR362107.pdf","X:\glosas escaneadas\radicaciones\la previsora s.a\16147\sop\PDX_800209891_FECR362107.pdf"
"PDX_800209891_FECR362129.pdf","X:\glosas escaneadas\radicaciones\la previsora s.a\16147\sop\PDX_800209891_FECR362129.pdf"
"PDX_800209891_FECR362263.pdf","X:\glosas escaneadas\radicaciones\la previsora s.a\16147\sop\PDX_800209891_FECR362263.pdf"
"PDX_800209891_FECR362363.pdf","X:\glosas escaneadas\radicaciones\la previsora s.a\16147\sop\PDX_800209891_FECR362363.pdf"
"PDX_800209891_FECR362368.pdf","X:\glosas escaneadas\radicaciones\la previsora s.a\16147\sop\PDX_800209891_FECR362368.pdf"
"PDX_800209891_FECR362377.pdf","X:\glosas escaneadas\radicaciones\la previsora s.a\16147\sop\PDX_800209891_FECR362377.pdf"
"PDX_800209891_FECR362387.pdf","X:\glosas escaneadas\radicaciones\la previsora s.a\16147\sop\PDX_800209891_FECR362387.pdf"
"PDX_800209891_FECR362394.pdf","X:\glosas escaneadas\radicaciones\la previsora s.a\16147\sop\PDX_800209891_FECR362394.pdf"
"PDX_800209891_FECR362405.pdf","X:\glosas escaneadas\radicaciones\la previsora s.a\16147\sop\PDX_800209891_FECR362405.pdf"
"PDX_800209891_FECR362429.pdf","X:\glosas escaneadas\radicaciones\la previsora s.a\16147\sop\PDX_800209891_FECR362429.pdf"
"PDX_800209891_FECR362476.pdf","X:\glosas escaneadas\radicaciones\la previsora s.a\16147\sop\PDX_800209891_FECR362476.pdf"
"PDX_800209891_FECR362561.pdf","X:\glosas escaneadas\radicaciones\la previsora s.a\16147\sop\PDX_800209891_FECR362561.pdf"
"PDX_800209891_FECR362570.pdf","X:\glosas escaneadas\radicaciones\la previsora s.a\16147\sop\PDX_800209891_FECR362570.pdf"
"PDX_800209891_FECR362656.pdf","X:\glosas escaneadas\radicaciones\la previsora s.a\16147\sop\PDX_800209891_FECR362656.pdf"
"PDX_800209891_FECR362711.pdf","X:\glosas escaneadas\radicaciones\la previsora s.a\16147\sop\PDX_800209891_FECR362711.pdf"
"PDX_800209891_FECR362880.pdf","X:\glosas escaneadas\radicaciones\la previsora s.a\16147\sop\PDX_800209891_FECR362880.pdf"
"PDX_800209891_FECR362891.pdf","X:\glosas escaneadas\radicaciones\la previsora s.a\16147\sop\PDX_800209891_FECR362891.pdf"
"PDX_800209891_FECR363040.pdf","X:\glosas escaneadas\radicaciones\la previsora s.a\16147\sop\PDX_800209891_FECR363040.pdf"
"PDX_800209891_FECR363252.pdf","X:\glosas escaneadas\radicaciones\la previsora s.a\16147\sop\PDX_800209891_FECR363252.pdf"
"PDX_800209891_FECR363417.pdf","X:\glosas escaneadas\radicaciones\la previsora s.a\16147\sop\PDX_800209891_FECR363417.pdf"
"PDX_800209891_FECR363428.pdf","X:\glosas escaneadas\radicaciones\la previsora s.a\16147\sop\PDX_800209891_FECR363428.pdf"
"PDX_800209891_FECR363518.pdf","X:\glosas escaneadas\radicaciones\la previsora s.a\16147\sop\PDX_800209891_FECR363518.pdf"
"PDX_800209891_FECR363584.pdf","X:\glosas escaneadas\radicaciones\la previsora s.a\16147\sop\PDX_800209891_FECR363584.pdf"
"PDX_800209891_FECR363808.pdf","X:\glosas escaneadas\radicaciones\la previsora s.a\16147\sop\PDX_800209891_FECR363808.pdf"
"PDX_800209891_FECR363832.pdf","X:\glosas escaneadas\radicaciones\la previsora s.a\16147\sop\PDX_800209891_FECR363832.pdf"
"PDX_800209891_FECR364157.pdf","X:\glosas escaneadas\radicaciones\la previsora s.a\16147\sop\PDX_800209891_FECR364157.pdf"
"PDX_800209891_FECR364240.pdf","X:\glosas escaneadas\radicaciones\la previsora s.a\16147\sop\PDX_800209891_FECR364240.pdf"
"PDX_800209891_FECR364416.pdf","X:\glosas escaneadas\radicaciones\la previsora s.a\16147\sop\PDX_800209891_FECR364416.pdf"
"PDX_800209891_FECR364421.pdf","X:\glosas escaneadas\radicaciones\la previsora s.a\16147\sop\PDX_800209891_FECR364421.pdf"
"PDX_800209891_FECR364455.pdf","X:\glosas escaneadas\radicaciones\la previsora s.a\16147\sop\PDX_800209891_FECR364455.pdf"
"PDX_800209891_FECR364465.pdf","X:\glosas escaneadas\radicaciones\la previsora s.a\16147\sop\PDX_800209891_FECR364465.pdf"
"PDX_800209891_FECR364481.pdf","X:\glosas escaneadas\radicaciones\la previsora s.a\16147\sop\PDX_800209891_FECR364481.pdf"
"PDX_800209891_FECR364507.pdf","X:\glosas escaneadas\radicaciones\la previsora s.a\16147\sop\PDX_800209891_FECR364507.pdf"
"PDX_800209891_FECR364524.pdf","X:\glosas escaneadas\radicaciones\la previsora s.a\16147\sop\PDX_800209891_FECR364524.pdf"
"PDX_800209891_FECR364658.pdf","X:\glosas escaneadas\radicaciones\la previsora s.a\16147\sop\PDX_800209891_FECR364658.pdf"
"PDX_800209891_FECR364675.pdf","X:\glosas escaneadas\radicaciones\la previsora s.a\16147\sop\PDX_800209891_FECR364675.pdf"
"PDX_800209891_FECR364720.pdf","X:\glosas escaneadas\radicaciones\la previsora s.a\16147\sop\PDX_800209891_FECR364720.pdf"
"PDX_800209891_FECR364723.pdf","X:\glosas escaneadas\radicaciones\la previsora s.a\16147\sop\PDX_800209891_FECR364723.pdf"
"PDX_800209891_FECR364736.pdf","X:\glosas escaneadas\radicaciones\la previsora s.a\16147\sop\PDX_800209891_FECR364736.pdf"
"PDX_800209891_FECR364739.pdf","X:\glosas escaneadas\radicaciones\la previsora s.a\16147\sop\PDX_800209891_FECR364739.pdf"
"PDX_800209891_FECR364847.pdf","X:\glosas escaneadas\radicaciones\la previsora s.a\16147\sop\PDX_800209891_FECR364847.pdf"
"PDX_800209891_FECR364867.pdf","X:\glosas escaneadas\radicaciones\la previsora s.a\16147\sop\PDX_800209891_FECR364867.pdf"
"PDX_800209891_FECR364868.pdf","X:\glosas escaneadas\radicaciones\la previsora s.a\16147\sop\PDX_800209891_FECR364868.pdf"
"PDX_800209891_FECR364870.pdf","X:\glosas escaneadas\radicaciones\la previsora s.a\16147\sop\PDX_800209891_FECR364870.pdf"
"PDX_800209891_FECR364882.pdf","X:\glosas escaneadas\radicaciones\la previsora s.a\16147\sop\PDX_800209891_FECR364882.pdf"
"PDX_800209891_FECR364892.pdf","X:\glosas escaneadas\radicaciones\la previsora s.a\16147\sop\PDX_800209891_FECR364892.pdf"
"PDX_800209891_FECR364940.pdf","X:\glosas escaneadas\radicaciones\la previsora s.a\16147\sop\PDX_800209891_FECR364940.pdf"
"PDX_800209891_FECR364950.pdf","X:\glosas escaneadas\radicaciones\la previsora s.a\16147\sop\PDX_800209891_FECR364950.pdf"
"PDX_800209891_FECR364954.pdf","X:\glosas escaneadas\radicaciones\la previsora s.a\16147\sop\PDX_800209891_FECR364954.pdf"
"PDX_800209891_FECR364955.pdf","X:\glosas escaneadas\radicaciones\la previsora s.a\16147\sop\PDX_800209891_FECR364955.pdf"
"PDX_800209891_FECR365017.pdf","X:\glosas escaneadas\radicaciones\la previsora s.a\16147\sop\PDX_800209891_FECR365017.pdf"
"PDX_800209891_FECR365025.pdf","X:\glosas escaneadas\radicaciones\la previsora s.a\16147\sop\PDX_800209891_FECR365025.pdf"
"PDX_800209891_FECR365056.pdf","X:\glosas escaneadas\radicaciones\la previsora s.a\16147\sop\PDX_800209891_FECR365056.pdf"
"PDX_800209891_FECR365103.pdf","X:\glosas escaneadas\radicaciones\la previsora s.a\16147\sop\PDX_800209891_FECR365103.pdf"
"PDX_800209891_FECR365113.pdf","X:\glosas escaneadas\radicaciones\la previsora s.a\16147\sop\PDX_800209891_FECR365113.pdf"
"PDX_800209891_FECR365125.pdf","X:\glosas escaneadas\radicaciones\la previsora s.a\16147\sop\PDX_800209891_FECR365125.pdf"
"PDX_800209891_FERR2737.pdf","X:\glosas escaneadas\radicaciones\la previsora s.a\16147\sop\PDX_800209891_FERR2737.pdf"
